HA Name,LA_Code,Region,Survey_Status/LARPs in Region,All Units,ALL GN SC,ALL GN NSC,ALL SH/HOP,GN ALL RENT,GN ALL UNITS,GN ALL SC RENTS,GN ALL SC UNITS,GN RENT BEDSPACES,GN UNITS BEDSPACES,GN RENT BEDSITS,GN UNITS BEDSITS,GN RENT ONE BED,GN UNITS ONE BED,GN RENT TWO BED,GN UNITS TWO BED,GN RENT THREE BED,GN UNITS THREE BED,GN RENT FOUR BED,GN UNITS FOUR BED,GN RENT FIVE BED,GN UNITS FIVE BED,GN RENT SIX+ BED,GN UNITS SIX+ BED,SH ALL RENT,SH ALL UNITS,SH ALL SC RENT,SH ALL SC UNITS,SH RENT BEDSPACES,SH UNITS BEDSPACES,SH RENT BEDSITS,SH UNITS BEDSITS,SH RENT ONE BED,SH UNITS ONE BED,SH RENT TWO BED,SH UNITS TWO BED,SH RENT THREE BED,SH UNITS THREE BED,SH RENT FOUR+ BED,SH UNITS FOUR+ BED,AR GN ALL RENT,AR GN ALL UNITS,AR GN ALL SC RENT,AR GN ALL SC UNITS,AR GN RENT BEDSPACES,AR GN UNITS BEDSPACES,AR GN RENT BEDSITS,AR GN UNITS BEDSITS,AR GN RENT ONE BED,AR GN UNITS ONE BED,AR GN RENT TWO BED,AR GN UNITS TWO BED,AR GN RENT THREE BED,AR GN UNITS THREE BED,AR GN RENT FOUR BED,AR GN UNITS FOUR BED,AR GN RENT FIVE BED,AR GN UNITS FIVE BED,AR GN RENT SIX+ BED,AR GN UNITS SIX+ BED,AR SH/HOP ALL RENT,AR SH/HOP ALL UNITS,AR SH/HOP ALL SC RENT,AR SH/HOP ALL SC UNITS,AR SH RENT BEDSPACES,AR SH UNITS BEDSPACES,AR SH RENT BEDSITS,AR SH UNITS BEDSITS,AR SH RENT ONE BED,AR SH UNITS ONE BED,AR SH RENT TWO BED,AR SH UNITS TWO BED,AR SH RENT THREE BED,AR SH UNITS THREE BED,AR SH RENT FOUR+ BED,AR SH UNITS FOUR+ BED,LCHO Total,LARP_CODE
West Suffolk Council,E07000245,East of England,Signed Off,7,7,0,0,114.3,7,114.3,7,0.0,0,0.0,0,0.0,0,73.94,2,130.45,5,0.0,0,0.0,0,0.0,0,0.0,0,0.0,0,0.0,0,0.0,0,0.0,0,0.0,0,0.0,0,0.0,0,0.0,0,0.0,0,,0,,0,,0,,0,,0,,0,,0,,0,0.0,0,0.0,0,,0,,0,,0,,0,,0,0.0,0,0,5068
"Bournemouth, Christchurch and Poole Council",E06000058,South West,Signed Off,9584,7420,0,2125,98.84,7131,98.84,7131,0.0,0,73.07,218,85.38,1726,98.2,2679,109.98,2236,119.29,259,125.09,10,125.13,3,88.04,2074,88.04,2074,0.0,0,76.92,166,88.69,1840,97.2,61,101.4,7,0.0,0,176.17,289,176.17,289,,0,,0,134.91,71,169.93,95,192.55,103,267.86,20,,0,,0,114.08,51,114.08,51,,0,,0,100.17,29,132.42,22,,0,0.0,0,39,5069
East Suffolk Council,E07000244,East of England,Signed Off,4415,4034,6,357,90.93,3905,90.96,3899,72.28,6,73.15,22,80.6,1092,91.15,1178,97.38,1485,106.3,117,0.0,0,121.11,5,81.79,357,81.79,357,0.0,0,67.38,5,80.26,312,94.53,30,97.43,9,107.44,1,110.96,135,110.96,135,0.0,0,0.0,0,94.47,54,118.09,56,126.4,19,144.03,6,0.0,0,0.0,0,0.0,0,0.0,0,0.0,0,0.0,0,0.0,0,0.0,0,0.0,0,0.0,0,18,5070
City of London Corporation,E09000001,London,Signed Off,1861,1780,0,81,122.41,1780,122.41,1780,0.0,0,101.11,360,113.98,445,129.07,580,140.65,372,155.65,23,0.0,0,0.0,0,97.22,81,97.22,81,0.0,0,92.17,61,112.55,19,113.96,1,0.0,0,0.0,0,0.0,0,0.0,0,,0,,0,,0,,0,,0,,0,,0,,0,0.0,0,0.0,0,,0,,0,,0,,0,,0,0.0,0,0,00AA
Liverpool City Council,E08000012,North West,Signed Off,6,6,0,0,85.54,6,85.54,6,0.0,0,0.0,0,0.0,0,76.4,4,85.97,1,0.0,0,0.0,0,121.68,1,0.0,0,0.0,0,0.0,0,0.0,0,0.0,0,0.0,0,0.0,0,0.0,0,0.0,0,0.0,0,0.0,0,0.0,0,0.0,0,0.0,0,0.0,0,0.0,0,0.0,0,0.0,0,0.0,0,0.0,0,0.0,0,0.0,0,0.0,0,0.0,0,0.0,0,0.0,0,0,5074
London Borough of Barking and Dagenham,E09000002,London,Signed Off,15853,15083,0,737,108.44,14452,108.44,14452,0.0,0,82.47,384,90.92,2712,108.84,6563,119.57,4635,129.06,147,130.09,10,158.46,1,94.52,737,94.52,737,0.0,0,83.95,9,94.5,721,109.66,7,0.0,0,0.0,0,170.3,631,170.3,631,0.0,0,0.0,0,147.3,205,176.48,182,177.05,171,203.57,72,211.46,1,0.0,0,0.0,0,0.0,0,0.0,0,0.0,0,0.0,0,0.0,0,0.0,0,0.0,0,33,00AB
West Devon Borough Council,E07000047,South West,Signed Off,9,9,0,0,176.69,9,176.69,9,0.0,0,0.0,0,0.0,0,149.2,3,177.9,5,253.15,1,0.0,0,0.0,0,0.0,0,0.0,0,0.0,0,0.0,0,0.0,0,0.0,0,0.0,0,0.0,0,0.0,0,0.0,0,0.0,0,0.0,0,0.0,0,0.0,0,0.0,0,0.0,0,0.0,0,0.0,0,0.0,0,0.0,0,0.0,0,0.0,0,0.0,0,0.0,0,0.0,0,0.0,0,0,5077
London Borough of Barnet,E09000003,London,Signed Off,9309,8546,0,751,120.08,8035,120.08,8035,0.0,0,91.98,114,103.34,1800,117.08,3356,134.33,2507,147.42,240,183.41,14,174.71,4,98.37,647,98.37,647,0.0,0,83.16,97,100.6,526,112.7,21,98.18,3,0.0,0,222.02,511,222.02,511,0.0,0,193.97,1,188.71,78,214.08,289,256.43,143,0.0,0,0.0,0,0.0,0,183.33,104,183.33,104,0.0,0,0.0,0,180.82,96,213.44,8,0.0,0,0.0,0,12,00AC
South Hams District Council,E07000044,South West,Signed Off,20,20,0,0,151.21,20,151.21,20,0.0,0,0.0,0,103.56,2,136.36,6,160.76,10,195.62,2,0.0,0,0.0,0,0.0,0,0.0,0,0.0,0,0.0,0,0.0,0,0.0,0,0.0,0,0.0,0,0.0,0,0.0,0,0.0,0,0.0,0,0.0,0,0.0,0,0.0,0,0.0,0,0.0,0,0.0,0,0.0,0,0.0,0,0.0,0,0.0,0,0.0,0,0.0,0,0.0,0,0.0,0,0,5078
London Borough of Bexley,E09000004,London,Signed Off,3,3,0,0,159.1,3,159.1,3,0.0,0,0.0,0,0.0,0,0.0,0,159.1,3,0.0,0,0.0,0,0.0,0,0.0,0,0.0,0,0.0,0,0.0,0,0.0,0,0.0,0,0.0,0,0.0,0,0.0,0,0.0,0,,0,,0,,0,,0,,0,,0,,0,,0,0.0,0,0.0,0,,0,,0,,0,,0,,0,0.0,0,0,00AD
Sunderland City Council,E08000024,North East,Signed Off,158,118,0,40,86.22,12,86.22,12,0.0,0,0.0,0,73.05,7,101.13,1,99.34,3,124.13,1,0.0,0,0.0,0,0.0,0,0.0,0,0.0,0,0.0,0,0.0,0,0.0,0,0.0,0,0.0,0,118.72,106,118.72,106,0.0,0,0.0,0,118.11,17,114.34,50,124.62,37,128.05,1,0.0,0,120.92,1,156.84,40,156.84,40,0.0,0,0.0,0,168.28,22,142.85,18,0.0,0,0.0,0,0,5080
London Borough of Brent,E09000005,London,Signed Off,8147,8110,0,11,131.36,7725,131.36,7725,0.0,0,98.51,340,115.87,2426,132.63,2511,146.61,1898,159.89,479,170.57,59,185.56,12,0.0,0,0.0,0,0.0,0,0.0,0,0.0,0,0.0,0,0.0,0,0.0,0,212.13,385,212.13,385,0.0,0,0.0,0,184.05,105,211.91,179,240.04,75,238.46,25,448.3,1,0.0,0,225.16,11,225.16,11,0.0,0,0.0,0,225.16,11,0.0,0,0.0,0,0.0,0,26,00AE
South Ribble Borough Council,E07000126,North West,Signed Off,12,12,0,0,0.0,0,0.0,0,0.0,0,0.0,0,0.0,0,0.0,0,0.0,0,0.0,0,0.0,0,0.0,0,0.0,0,0.0,0,0.0,0,0.0,0,0.0,0,0.0,0,0.0,0,0.0,0,103.74,12,103.74,12,,0,,0,115.76,7,86.92,5,,0,,0,,0,,0,0.0,0,0.0,0,,0,,0,,0,,0,,0,0.0,0,0,5085
London Borough of Bromley,E09000006,London,Signed Off,61,61,0,0,159.95,1,159.95,1,0.0,0,0.0,0,0.0,0,0.0,0,159.95,1,0.0,0,0.0,0,0.0,0,0.0,0,0.0,0,0.0,0,0.0,0,0.0,0,0.0,0,0.0,0,0.0,0,214.24,60,214.24,60,,0,,0,202.4,22,221.09,38,,0,,0,,0,,0,0.0,0,0.0,0,,0,,0,,0,,0,,0,0.0,0,0,5103
Spelthorne Borough Council,E07000213,South East,Signed Off,31,0,0,31,0.0,0,0.0,0,0.0,0,0.0,0,0.0,0,0.0,0,0.0,0,0.0,0,0.0,0,0.0,0,85.18,31,85.18,31,0.0,0,82.93,28,106.18,3,0.0,0,0.0,0,0.0,0,0.0,0,0.0,0,0.0,0,0.0,0,0.0,0,0.0,0,0.0,0,0.0,0,0.0,0,0.0,0,0.0,0,0.0,0,,0,,0,,0,,0,,0,0.0,0,0,5091
London Borough of Camden Council,E09000007,London,Signed Off,22862,22634,213,0,129.15,22847,129.09,22634,135.36,213,97.36,1916,116.0,7379,131.68,7201,147.46,4764,163.7,1158,179.26,171,187.67,45,0.0,0,0.0,0,0.0,0,0.0,0,0.0,0,0.0,0,0.0,0,0.0,0,0.0,0,0.0,0,,0,,0,,0,,0,,0,,0,,0,,0,0.0,0,0.0,0,,0,,0,,0,,0,,0,0.0,0,15,00AG
Chelmsford City Council,E07000070,East of England,Signed Off,77,77,0,0,217.24,77,217.24,77,0.0,0,0.0,0,129.78,8,165.86,11,226.16,46,288.44,12,0.0,0,0.0,0,0.0,0,0.0,0,0.0,0,0.0,0,0.0,0,0.0,0,0.0,0,0.0,0,0.0,0,0.0,0,,0,,0,,0,,0,,0,,0,,0,,0,0.0,0,0.0,0,,0,,0,,0,,0,,0,0.0,0,0,5096
London Borough of Croydon,E09000008,London,Signed Off,13421,12176,0,1237,121.8,11880,121.8,11880,0.0,0,82.49,416,98.98,2713,117.74,4377,142.08,4006,160.1,331,175.82,30,200.09,7,98.84,1237,98.84,1237,0.0,0,84.46,43,98.65,1161,123.29,26,128.56,7,0.0,0,184.48,296,184.48,296,,0,,0,171.01,86,179.66,148,204.76,47,246.92,11,240.06,2,245.43,2,0.0,0,0.0,0,,0,,0,,0,,0,,0,0.0,0,8,00AH
North Norfolk District Council,E07000147,East of England,Signed Off,5,5,0,0,0.0,0,0.0,0,0.0,0,0.0,0,0.0,0,0.0,0,0.0,0,0.0,0,0.0,0,0.0,0,0.0,0,0.0,0,0.0,0,0.0,0,0.0,0,0.0,0,0.0,0,0.0,0,115.76,5,115.76,5,,0,,0,115.76,5,,0,,0,,0,,0,,0,0.0,0,0.0,0,,0,,0,,0,,0,,0,0.0,0,0,5098
London Borough of Ealing,E09000009,London,Signed Off,10672,9574,0,1098,110.89,9024,110.89,9024,0.0,0,83.54,413,95.92,2390,110.11,3308,125.14,2540,143.56,313,159.06,42,180.26,18,98.97,1087,98.97,1087,0.0,0,91.84,119,99.64,952,112.35,16,0.0,0,0.0,0,179.82,550,179.82,550,,0,,0,164.54,97,172.12,256,192.91,122,205.41,70,192.78,5,,0,178.39,11,178.39,11,,0,,0,178.39,11,,0,,0,0.0,0,0,00AJ
Dorset Council,E06000059,South West,Signed Off,156,53,0,103,129.81,2,129.81,2,0.0,0,0.0,0,0.0,0,129.81,2,0.0,0,0.0,0,0.0,0,0.0,0,98.87,43,98.87,43,0.0,0,119.67,6,95.5,37,0.0,0,0.0,0,0.0,0,187.81,51,187.81,51,,0,,0,151.06,4,174.38,32,203.91,11,287.67,2,287.67,2,,0,121.3,60,121.3,60,,0,121.62,50,119.67,10,,0,,0,0.0,0,0,5099
London Borough of Enfield,E09000010,London,Signed Off,10358,10298,5,0,115.52,9883,115.5,9878,161.47,5,94.23,278,100.43,3044,113.45,3429,133.69,2984,144.95,125,157.07,15,181.8,3,0.0,0,0.0,0,0.0,0,0.0,0,0.0,0,0.0,0,0.0,0,0.0,0,209.85,420,209.85,420,0.0,0,0.0,0,180.39,81,208.33,174,223.26,134,237.42,31,0.0,0,0.0,0,0.0,0,0.0,0,,0,,0,,0,,0,,0,0.0,0,55,00AK
Derbyshire Dales District Council,E07000035,East Midlands,Signed Off,40,38,0,0,117.75,38,117.75,38,0.0,0,0.0,0,96.33,5,115.24,24,131.66,7,152.69,2,0.0,0,0.0,0,0.0,0,0.0,0,0.0,0,0.0,0,0.0,0,0.0,0,0.0,0,0.0,0,0.0,0,0.0,0,0.0,0,0.0,0,0.0,0,0.0,0,0.0,0,0.0,0,0.0,0,0.0,0,0.0,0,0.0,0,0.0,0,0.0,0,0.0,0,0.0,0,0.0,0,0.0,0,2,5100
Royal Borough of Greenwich,E09000011,London,Signed Off,20026,19244,0,782,106.86,19173,106.86,19173,0.0,0,80.78,712,89.83,5059,102.78,6557,121.2,5067,137.71,1463,148.38,263,159.69,52,97.69,782,97.44,775,125.69,7,84.94,248,100.57,427,113.38,84,123.88,16,0.0,0,210.45,71,210.45,71,,0,,0,197.9,6,206.71,39,217.32,21,225.79,5,,0,,0,0.0,0,0.0,0,,0,,0,,0,,0,,0,0.0,0,0,00AL
Telford & Wrekin Council,E06000020,West Midlands,Signed Off,23,0,0,23,0.0,0,0.0,0,0.0,0,0.0,0,0.0,0,0.0,0,0.0,0,0.0,0,0.0,0,0.0,0,0.0,0,0.0,0,0.0,0,0.0,0,0.0,0,0.0,0,0.0,0,0.0,0,0.0,0,0.0,0,,0,,0,,0,,0,,0,,0,,0,,0,96.82,23,96.82,23,,0,,0,89.31,10,102.6,13,,0,0.0,0,0,5102
London Borough of Hackney,E09000012,London,Signed Off,21594,21441,59,0,116.33,21500,116.18,21441,171.65,59,90.83,906,102.73,6011,113.97,7904,129.94,5600,154.19,845,179.35,132,205.35,43,0.0,0,0.0,0,0.0,0,0.0,0,0.0,0,0.0,0,0.0,0,0.0,0,0.0,0,0.0,0,0.0,0,0.0,0,0.0,0,0.0,0,0.0,0,0.0,0,0.0,0,0.0,0,0.0,0,0.0,0,0.0,0,0.0,0,0.0,0,0.0,0,0.0,0,0.0,0,94,00AM
London Borough of Hammersmith and Fulham,E09000013,London,Signed Off,12139,11941,176,0,121.67,12117,122.89,11941,38.76,176,97.05,553,110.59,4175,120.59,3981,138.11,2361,165.71,780,180.82,77,192.94,14,0.0,0,0.0,0,0.0,0,0.0,0,0.0,0,0.0,0,0.0,0,0.0,0,0.0,0,0.0,0,,0,,0,,0,,0,,0,,0,,0,,0,0.0,0,0.0,0,,0,,0,,0,,0,,0,0.0,0,22,00AN
Herefordshire Council,E06000019,West Midlands,Signed Off,23,0,0,23,0.0,0,0.0,0,0.0,0,0.0,0,0.0,0,0.0,0,0.0,0,0.0,0,0.0,0,0.0,0,0.0,0,0.0,0,0.0,0,0.0,0,0.0,0,0.0,0,0.0,0,0.0,0,0.0,0,0.0,0,,0,,0,,0,,0,,0,,0,,0,,0,172.15,23,172.15,23,,0,,0,169.47,22,,0,,0,231.2,1,0,5104
Haringey London Borough Council,E09000014,London,Signed Off,14975,13643,0,1312,120.57,13620,120.57,13620,0.0,0,96.77,122,100.97,4001,119.21,5081,136.85,3688,155.08,603,178.86,108,184.32,17,106.89,1312,106.89,1312,0.0,0,95.57,8,106.22,1253,115.75,41,141.81,5,186.07199999999997,5,199.93,23,199.93,23,0.0,0,0.0,0,187.03,6,198.01,9,209.01,6,220.01,2,0.0,0,0.0,0,0.0,0,0.0,0,0.0,0,0.0,0,0.0,0,0.0,0,0.0,0,0.0,0,20,00AP
Stratford-on-Avon District Council,E07000221,West Midlands,Signed Off,0,0,0,0,0.0,0,0.0,0,0.0,0,0.0,0,0.0,0,0.0,0,0.0,0,0.0,0,0.0,0,0.0,0,0.0,0,0.0,0,0.0,0,0.0,0,0.0,0,0.0,0,0.0,0,0.0,0,0.0,0,0.0,0,,0,,0,,0,,0,,0,,0,,0,,0,0.0,0,0.0,0,,0,,0,,0,,0,,0,0.0,0,0,5109
London Borough of Harrow,E09000015,London,Signed Off,4831,4301,0,505,132.29,4158,132.29,4158,0.0,0,101.86,102,112.05,1267,131.29,1367,152.2,1322,168.42,86,177.31,11,195.74,3,113.55,505,113.55,505,0.0,0,104.22,12,113.63,490,133.71,2,146.98,1,0.0,0,196.81,143,196.81,143,0.0,0,0.0,0,174.85,31,195.47,75,213.6,30,236.42,7,,0,,0,0.0,0,0.0,0,0.0,0,0.0,0,0.0,0,0.0,0,0.0,0,0.0,0,25,00AQ
Bath & North East Somerset Council,E06000022,South West,Signed Off,37,10,0,25,106.31,10,106.31,10,0.0,0,0.0,0,99.56,8,133.31,2,0.0,0,0.0,0,0.0,0,0.0,0,0.0,0,0.0,0,0.0,0,0.0,0,0.0,0,0.0,0,0.0,0,0.0,0,0.0,0,0.0,0,,0,,0,,0,,0,,0,,0,,0,,0,267.58,25,303.96,20,122.08,5,,0,303.96,20,,0,,0,0.0,0,2,5110
London Borough of Havering Council,E09000016,London,Signed Off,9126,8153,0,756,112.78,7713,112.78,7713,0.0,0,87.64,249,96.97,1937,108.98,2895,129.51,2467,151.2,151,168.33,14,0.0,0,93.6,708,98.54,567,73.75,141,96.81,35,98.46,522,108.72,10,0.0,0,0.0,0,219.64,440,219.64,440,0.0,0,211.07,1,190.3,62,208.83,259,253.39,85,272.99,33,0.0,0,0.0,0,211.81,48,211.81,48,0.0,0,0.0,0,213.93,37,204.66,11,0.0,0,0.0,0,217,00AR
Peterborough City Council,E06000031,East of England,Signed Off,71,37,0,34,193.69,37,193.69,37,0.0,0,0.0,0,0.0,0,161.1,9,186.41,19,241.64,8,241.64,1,0.0,0,134.02,34,134.02,34,0.0,0,132.33,9,132.33,23,161.1,2,0.0,0,0.0,0,0.0,0,0.0,0,,0,,0,,0,,0,,0,,0,,0,,0,0.0,0,0.0,0,,0,,0,,0,,0,,0,0.0,0,0,5112
London Borough of Hillingdon,E09000017,London,Signed Off,10227,9082,0,1050,126.44,8894,126.44,8894,0.0,0,92.18,208,107.27,2423,123.75,3332,146.17,2673,161.65,207,171.06,41,191.14,10,106.35,903,106.83,892,67.27,11,98.87,35,106.56,837,130.42,17,140.59,3,0.0,0,196.79,188,196.79,188,0.0,0,157.36,11,180.12,59,211.17,40,204.86,53,213.37,25,0.0,0,0.0,0,220.93,147,220.93,147,0.0,0,0.0,0,219.9,144,270.55,3,0.0,0,0.0,0,95,00AS
Hastings Borough Council,E07000062,South East,Signed Off,75,55,0,20,148.38,49,148.38,49,0.0,0,0.0,0,93.09,19,162.81,11,192.91,17,215.82,2,0.0,0,0.0,0,0.0,0,0.0,0,0.0,0,0.0,0,0.0,0,0.0,0,0.0,0,0.0,0,138.46,6,138.46,6,0.0,0,0.0,0,138.46,6,0.0,0,0.0,0,0.0,0,0.0,0,0.0,0,206.15,20,206.15,20,0.0,0,0.0,0,136.93,1,149.59,1,200.94,12,237.54,6,0,5116
London Borough of Hounslow,E09000018,London,Signed Off,13445,12392,0,988,120.31,12288,120.31,12288,0.0,0,96.12,290,102.25,3170,118.12,4709,136.93,3815,153.75,271,178.84,27,203.57,6,114.82,988,114.82,988,0.0,0,99.31,10,114.3,922,116.02,33,140.88,20,141.8,3,208.58,104,208.58,104,,0,,0,200.1,33,211.88,67,223.16,4,,0,,0,,0,0.0,0,0.0,0,,0,,0,,0,,0,,0,0.0,0,65,00AT
Bedford Borough Council,E06000055,East of England,Signed Off,20,0,0,20,0.0,0,0.0,0,0.0,0,0.0,0,0.0,0,0.0,0,0.0,0,0.0,0,0.0,0,0.0,0,0.0,0,0.0,0,0.0,0,0.0,0,0.0,0,0.0,0,0.0,0,0.0,0,0.0,0,0.0,0,,0,,0,,0,,0,,0,,0,,0,,0,188.43,20,188.43,20,,0,,0,188.43,20,,0,,0,0.0,0,0,5117
London Borough of Islington,E09000019,London,Signed Off,24844,24747,0,19,135.89,24434,135.89,24434,0.0,0,101.76,607,118.44,8516,138.58,8601,149.45,5226,181.1,1191,202.36,239,239.68,54,0.0,0,0.0,0,0.0,0,0.0,0,0.0,0,0.0,0,0.0,0,0.0,0,189.68,313,189.68,313,0.0,0,0.0,0,162.38,72,182.92,140,213.45,72,221.16,20,253.11,9,0.0,0,281.11,19,281.11,19,0.0,0,0.0,0,281.11,19,0.0,0,0.0,0,0.0,0,78,00AU
Tunbridge Wells Borough Council,E07000116,South East,Signed Off,0,0,0,0,0.0,0,0.0,0,0.0,0,0.0,0,0.0,0,0.0,0,0.0,0,0.0,0,0.0,0,0.0,0,0.0,0,0.0,0,0.0,0,0.0,0,0.0,0,0.0,0,0.0,0,0.0,0,0.0,0,0.0,0,,0,,0,,0,,0,,0,,0,,0,,0,0.0,0,0.0,0,,0,,0,,0,,0,,0,0.0,0,0,5118
Royal Borough of Kensington and Chelsea,E09000020,London,Signed Off,6636,6440,0,196,141.68,6440,141.68,6440,0.0,0,107.01,819,125.84,1590,146.97,2382,162.8,1385,184.97,249,203.78,15,0.0,0,117.86,196,117.86,196,0.0,0,110.47,119,128.03,72,147.46,5,0.0,0,0.0,0,0.0,0,0.0,0,0.0,0,0.0,0,0.0,0,0.0,0,0.0,0,0.0,0,0.0,0,0.0,0,0.0,0,0.0,0,0.0,0,0.0,0,0.0,0,0.0,0,0.0,0,0.0,0,0,00AW
Rother District Council,E07000064,South East,Signed Off,52,0,0,52,0.0,0,0.0,0,0.0,0,0.0,0,0.0,0,0.0,0,0.0,0,0.0,0,0.0,0,0.0,0,155.95,44,161.89,41,74.79,3,0.0,0,99.89,10,149.59,10,195.62,20,230.14,1,0.0,0,0.0,0,,0,,0,,0,,0,,0,,0,,0,,0,96.09,8,96.09,8,,0,,0,96.09,8,,0,,0,0.0,0,0,5119
Royal Borough of Kingston Upon Thames,E09000021,London,Signed Off,4454,4415,0,0,127.24,4290,127.24,4290,0.0,0,98.4,278,114.24,1374,128.65,1436,146.16,1139,161.65,57,181.98,5,209.35,1,0.0,0,0.0,0,0.0,0,0.0,0,0.0,0,0.0,0,0.0,0,0.0,0,224.97,125,224.97,125,0.0,0,0.0,0,182.76,25,207.04,49,252.77,47,381.65,4,0.0,0,0.0,0,0.0,0,0.0,0,,0,,0,,0,,0,,0,0.0,0,39,00AX
Gedling Borough Council,E07000173,East Midlands,Signed Off,0,0,0,0,0.0,0,0.0,0,0.0,0,0.0,0,0.0,0,0.0,0,0.0,0,0.0,0,0.0,0,0.0,0,0.0,0,0.0,0,0.0,0,0.0,0,0.0,0,0.0,0,0.0,0,0.0,0,0.0,0,0.0,0,0.0,0,0.0,0,0.0,0,0.0,0,0.0,0,0.0,0,0.0,0,0.0,0,0.0,0,0.0,0,0.0,0,0.0,0,0.0,0,0.0,0,0.0,0,0.0,0,0,5124
London Borough of Lambeth,E09000022,London,Signed Off,24002,22763,0,1239,124.36,22763,124.36,22763,0.0,0,91.26,811,106.3,5975,120.77,8174,140.31,6171,161.02,1320,176.36,225,188.51,87,93.98,1239,95.98,680,91.55,559,79.68,24,96.29,633,101.38,22,170.15,1,0.0,0,0.0,0,0.0,0,0.0,0,0.0,0,0.0,0,0.0,0,0.0,0,0.0,0,0.0,0,0.0,0,0.0,0,0.0,0,0.0,0,0.0,0,0.0,0,0.0,0,0.0,0,0.0,0,0,00AY
Reigate and Banstead Borough Council,E07000211,South East,Signed Off,61,47,0,14,119.05,15,119.05,15,0.0,0,0.0,0,103.8,2,114.98,7,128.89,6,0.0,0,0.0,0,0.0,0,92.85,14,108.24,4,86.69,10,0.0,0,108.24,4,0.0,0,0.0,0,0.0,0,199.99,32,199.99,32,,0,,0,176.32,16,223.66,16,,0,,0,,0,,0,0.0,0,0.0,0,,0,,0,,0,,0,,0,0.0,0,0,5127
London Borough of Lewisham,E09000023,London,Signed Off,14673,13359,834,446,106.45,13938,111.01,13104,34.73,834,83.53,596,97.36,3522,109.2,5268,127.5,3069,143.4,544,164.41,73,171.26,32,93.11,446,93.11,446,0.0,0,81.77,89,95.07,340,110.06,14,128.14,3,0.0,0,193.56,255,193.56,255,0.0,0,180.12,1,180.12,56,190.71,92,201.3,90,211.89,14,231.01,2,0.0,0,0.0,0,0.0,0,0.0,0,0.0,0,0.0,0,0.0,0,0.0,0,0.0,0,34,00AZ
North Northamptonshire Council,E06000061,East Midlands,Signed Off,8081,7111,0,970,94.7,6837,94.7,6837,0.0,0,74.27,103,83.39,1332,93.12,2371,100.99,2766,107.59,229,109.92,36,0.0,0,82.52,921,82.52,921,0.0,0,74.13,58,81.62,744,92.08,117,100.85,2,0.0,0,135.92,274,135.92,274,,0,,0,111.3,51,137.13,149,151.1,60,147.71,14,,0,,0,143.47,49,143.47,49,,0,,0,129.78,1,143.76,48,,0,0.0,0,0,5129
London Borough of Merton,E09000024,London,Signed Off,12,0,0,12,0.0,0,0.0,0,0.0,0,0.0,0,0.0,0,0.0,0,0.0,0,0.0,0,0.0,0,0.0,0,128.71,12,128.71,10,128.71,2,0.0,0,128.71,10,0.0,0,0.0,0,0.0,0,0.0,0,0.0,0,,0,,0,,0,,0,,0,,0,,0,,0,0.0,0,0.0,0,,0,,0,,0,,0,,0,0.0,0,0,00BA
West Northamptonshire Council,E06000062,East Midlands,Signed Off,11517,11352,0,82,95.24,10858,95.24,10858,0.0,0,71.31,222,84.6,3973,96.89,3496,107.49,2860,115.21,195,121.43,112,0.0,0,132.07,67,132.07,67,0.0,0,86.97,18,149.67,48,98.74,1,0.0,0,0.0,0,149.4,494,149.4,494,0.0,0,0.0,0,124.27,167,158.36,219,164.16,91,191.9,13,219.09,3,276.92,1,118.24,15,118.24,15,0.0,0,0.0,0,118.24,15,0.0,0,0.0,0,0.0,0,83,5130
London Borough of Newham,E09000025,London,Signed Off,16355,16355,0,0,111.85,15655,111.85,15655,0.0,0,84.1,171,94.85,4668,108.1,5288,128.07,4933,149.08,517,164.9,65,199.53,13,0.0,0,0.0,0,0.0,0,0.0,0,0.0,0,0.0,0,0.0,0,0.0,0,181.38,700,181.38,700,,0,,0,170.15,239,195.12,188,180.33,248,195.86,25,,0,,0,0.0,0,0.0,0,,0,,0,,0,,0,,0,0.0,0,0,00BB
Eastleigh Borough Council,E07000086,South East,Signed Off,26,0,0,26,0.0,0,0.0,0,0.0,0,0.0,0,0.0,0,0.0,0,0.0,0,0.0,0,0.0,0,0.0,0,0.0,0,0.0,0,0.0,0,0.0,0,0.0,0,0.0,0,0.0,0,0.0,0,0.0,0,0.0,0,0.0,0,0.0,0,0.0,0,0.0,0,0.0,0,0.0,0,0.0,0,0.0,0,183.08,26,183.08,26,0.0,0,0.0,0,136.93,11,189.51,9,239.9,3,276.16,3,0,5133
London Borough of Redbridge,E09000026,London,Signed Off,4532,4406,0,126,119.12,3951,119.12,3951,0.0,0,91.03,333,102.45,1204,118.86,1185,140.69,1107,165.32,105,177.55,16,177.01,1,96.82,126,96.82,126,0.0,0,89.11,54,100.55,66,115.65,4,144.35,2,0.0,0,205.38,455,205.38,455,,0,180.12,2,176.71,68,203.18,249,223.54,108,218.5,24,286.41,3,233.07,1,0.0,0,0.0,0,,0,,0,,0,,0,,0,0.0,0,0,00BC
Lichfield District Council,E07000194,West Midlands,Signed Off,6,6,0,0,0.0,0,0.0,0,0.0,0,0.0,0,0.0,0,0.0,0,0.0,0,0.0,0,0.0,0,0.0,0,0.0,0,0.0,0,0.0,0,0.0,0,0.0,0,0.0,0,0.0,0,0.0,0,112.2,6,112.2,6,,0,,0,97.81,3,126.58,3,,0,,0,,0,,0,0.0,0,0.0,0,,0,,0,,0,,0,,0,0.0,0,0,5134
Southwark Council,E09000028,London,Signed Off,36705,35832,0,726,121.92,35832,121.92,35832,0.0,0,94.72,1510,118.55,10146,118.04,12997,129.95,8671,141.55,2111,155.86,284,166.56,113,107.2,726,107.2,726,0.0,0,94.71,44,107.66,669,125.9,12,122.96,1,0.0,0,0.0,0,0.0,0,0.0,0,0.0,0,0.0,0,0.0,0,0.0,0,0.0,0,0.0,0,0.0,0,0.0,0,0.0,0,0.0,0,0.0,0,0.0,0,0.0,0,0.0,0,0.0,0,147,00BE
Isle of Wight Council,E06000046,South East,Signed Off,88,34,0,0,0.0,0,0.0,0,0.0,0,0.0,0,0.0,0,0.0,0,0.0,0,0.0,0,0.0,0,0.0,0,0.0,0,0.0,0,0.0,0,0.0,0,0.0,0,0.0,0,0.0,0,0.0,0,106.9,34,106.9,34,,0,79.0,5,91.2,13,117.22,12,117.11,2,206.54,2,,0,,0,0.0,0,0.0,0,,0,,0,,0,,0,,0,0.0,0,54,5144
London Borough of Sutton,E09000029,London,Signed Off,6028,5539,0,483,123.08,5169,123.08,5169,0.0,0,88.04,121,105.31,1214,122.52,1945,136.81,1837,155.01,48,157.65,4,0.0,0,105.58,483,105.58,483,0.0,0,84.37,47,107.31,419,121.52,17,0.0,0,0.0,0,225.74,370,225.74,370,0.0,0,0.0,0,180.24,89,223.62,195,277.62,86,0.0,0,0.0,0,0.0,0,0.0,0,0.0,0,0.0,0,0.0,0,0.0,0,0.0,0,0.0,0,0.0,0,6,00BF
Worthing Borough Council,E07000229,South East,Signed Off,40,40,0,0,117.61,40,117.61,40,0.0,0,109.04,1,109.04,28,140.19,11,0.0,0,0.0,0,0.0,0,0.0,0,0.0,0,0.0,0,0.0,0,0.0,0,0.0,0,0.0,0,0.0,0,0.0,0,0.0,0,0.0,0,0.0,0,0.0,0,0.0,0,0.0,0,0.0,0,0.0,0,0.0,0,0.0,0,0.0,0,0.0,0,0.0,0,0.0,0,0.0,0,0.0,0,0.0,0,0.0,0,0,5150
London Borough of Tower Hamlets,E09000030,London,Signed Off,11590,11588,0,2,125.6,11301,125.6,11301,0.0,0,96.06,658,112.17,3154,125.54,4431,141.88,2479,160.6,493,175.92,73,182.2,13,85.96,2,0.0,0,85.96,2,0.0,0,0.0,0,0.0,0,0.0,0,0.0,0,278.72,287,278.72,287,,0,,0,243.95,62,264.7,78,288.83,104,329.8,43,,0,,0,0.0,0,0.0,0,,0,,0,,0,,0,,0,0.0,0,0,00BG
Sefton Metropolitan Borough Council,E08000014,North West,Signed Off,0,0,0,0,0.0,0,0.0,0,0.0,0,0.0,0,0.0,0,0.0,0,0.0,0,0.0,0,0.0,0,0.0,0,0.0,0,0.0,0,0.0,0,0.0,0,0.0,0,0.0,0,0.0,0,0.0,0,0.0,0,0.0,0,,0,,0,,0,,0,,0,,0,,0,,0,0.0,0,0.0,0,,0,,0,,0,,0,,0,0.0,0,0,5151
London Borough of Waltham Forest,E09000031,London,Signed Off,9949,9291,0,460,119.22,9291,119.22,9291,0.0,0,87.21,269,100.57,2665,117.71,3160,136.58,2893,158.5,261,175.38,35,195.3,8,94.33,460,94.33,460,0.0,0,85.28,114,97.24,345,120.57,1,0.0,0,0.0,0,0.0,0,0.0,0,,0,,0,,0,,0,,0,,0,,0,,0,0.0,0,0.0,0,,0,,0,,0,,0,,0,0.0,0,198,00BH
Rushmoor Borough Council,E07000092,South East,Signed Off,6,6,0,0,0.0,0,0.0,0,0.0,0,0.0,0,0.0,0,0.0,0,0.0,0,0.0,0,0.0,0,0.0,0,0.0,0,0.0,0,0.0,0,0.0,0,0.0,0,0.0,0,0.0,0,0.0,0,210.0,6,210.0,6,,0,,0,,0,201.37,5,253.15,1,,0,,0,,0,0.0,0,0.0,0,,0,,0,,0,,0,,0,0.0,0,0,5158
London Borough of Wandsworth,E09000032,London,Signed Off,17400,16009,208,1094,140.26,15623,140.96,15415,88.06,208,88.38,502,110.86,3627,133.99,6220,170.63,4018,194.36,953,225.93,78,269.52,17,89.32,1083,89.32,1083,0.0,0,71.7,272,94.74,796,121.08,15,0.0,0,0.0,0,204.9,594,204.9,594,,0,160.28,7,188.95,103,192.3,184,215.51,197,223.16,85,224.01,12,272.37,6,179.43,11,179.43,11,,0,,0,179.43,11,,0,,0,0.0,0,89,00BJ
Burnley Borough Council,E07000117,North West,Signed Off,16,12,4,0,94.53,10,109.89,6,71.5,4,0.0,0,0.0,0,103.56,3,116.22,3,0.0,0,0.0,0,0.0,0,0.0,0,0.0,0,0.0,0,0.0,0,0.0,0,0.0,0,0.0,0,0.0,0,128.94,6,128.94,6,,0,,0,,0,124.26,5,152.31,1,,0,,0,,0,0.0,0,0.0,0,,0,,0,,0,,0,,0,0.0,0,0,5159
City of Westminster Council,E09000033,London,Signed Off,12167,11071,0,1096,144.14,11071,144.14,11071,0.0,0,111.88,1092,132.05,3521,148.33,3640,163.77,2398,179.11,377,194.99,32,202.14,11,126.41,1096,126.41,1096,0.0,0,113.31,447,134.94,633,154.8,15,162.23,1,0.0,0,0.0,0,0.0,0,,0,,0,,0,,0,,0,,0,,0,,0,0.0,0,0.0,0,,0,,0,,0,,0,,0,0.0,0,0,00BK
Amber Valley Borough Council,E07000032,East Midlands,Signed Off,0,0,0,0,0.0,0,0.0,0,0.0,0,0.0,0,0.0,0,0.0,0,0.0,0,0.0,0,0.0,0,0.0,0,0.0,0,0.0,0,0.0,0,0.0,0,0.0,0,0.0,0,0.0,0,0.0,0,0.0,0,0.0,0,0.0,0,0.0,0,0.0,0,0.0,0,0.0,0,0.0,0,0.0,0,0.0,0,0.0,0,0.0,0,0.0,0,0.0,0,0.0,0,0.0,0,0.0,0,0.0,0,0,5164
Bury Metropolitan Borough Council,E08000002,North West,Signed Off,7715,7202,0,508,84.12,7181,84.12,7181,0.0,0,68.6,19,76.86,2751,84.71,2410,93.11,1899,100.79,99,114.13,2,114.59,1,76.54,448,76.54,448,0.0,0,70.03,137,78.68,290,89.4,21,0.0,0,0.0,0,110.9,21,110.9,21,0.0,0,0.0,0,100.49,11,115.39,8,150.16,2,0.0,0,0.0,0,0.0,0,201.32,60,201.32,60,0.0,0,0.0,0,185.01,14,206.28,46,0.0,0,0.0,0,5,00BM
Torbay Council,E06000027,South West,Signed Off,0,0,0,0,0.0,0,0.0,0,0.0,0,0.0,0,0.0,0,0.0,0,0.0,0,0.0,0,0.0,0,0.0,0,0.0,0,0.0,0,0.0,0,0.0,0,0.0,0,0.0,0,0.0,0,0.0,0,0.0,0,0.0,0,0.0,0,0.0,0,0.0,0,0.0,0,0.0,0,0.0,0,0.0,0,0.0,0,0.0,0,0.0,0,0.0,0,0.0,0,0.0,0,0.0,0,0.0,0,0.0,0,0,5167
Manchester City Council,E08000003,North West,Signed Off,15317,14203,0,1095,86.87,14165,86.87,14165,0.0,0,62.95,37,74.52,3208,84.48,4659,93.62,5573,106.13,631,124.33,13,116.79,44,73.21,1095,80.37,882,43.54,213,0.0,0,76.23,657,92.47,220,89.96,4,100.53,1,126.67,38,126.67,38,,0,,0,,0,126.67,38,,0,,0,,0,,0,0.0,0,0.0,0,,0,,0,,0,,0,,0,0.0,0,19,00BN
Westmorland and Furness Council,E06000064,North West,Signed Off,2565,2565,0,0,81.73,2497,81.73,2497,0.0,0,0.0,0,71.92,1057,82.02,643,93.65,721,102.3,73,108.17,3,0.0,0,0.0,0,0.0,0,0.0,0,0.0,0,0.0,0,0.0,0,0.0,0,0.0,0,117.01,68,117.01,68,,0,,0,,0,110.77,45,129.23,23,,0,,0,,0,0.0,0,0.0,0,,0,,0,,0,,0,,0,0.0,0,0,5177
Oldham Metropolitan Borough Council,E08000004,North West,Signed Off,2085,636,0,1449,96.62,619,96.62,619,0.0,0,0.0,0,79.86,155,89.96,113,104.54,213,108.07,108,110.94,30,0.0,0,87.63,1429,87.63,1429,0.0,0,0.0,0,86.06,1151,94.11,277,100.63,1,0.0,0,160.37,17,160.37,17,,0,,0,,0,,0,,0,,0,160.37,17,,0,135.66,20,135.66,20,,0,,0,135.66,20,,0,,0,0.0,0,0,00BP
Somerset Council,E06000066,South West,Signed Off,9693,7714,0,1900,93.53,7530,93.53,7530,0.0,0,65.17,93,81.37,1293,90.93,2734,100.12,3166,111.04,214,119.28,24,137.35,6,84.31,1898,84.31,1898,0.0,0,66.83,31,83.69,1697,93.31,164,102.51,6,0.0,0,129.59,184,129.59,184,0.0,0,0.0,0,102.85,62,129.83,73,154.56,41,206.76,5,0.0,0,206.54,3,88.23,2,88.23,2,0.0,0,0.0,0,88.23,2,0.0,0,0.0,0,0.0,0,79,5178
Salford City Council,E08000006,North West,Signed Off,1209,1183,0,26,100.54,1183,100.54,1183,0.0,0,82.0,8,90.77,291,101.06,738,116.52,120,127.16,26,0.0,0,0.0,0,92.78,26,92.78,26,0.0,0,0.0,0,92.07,25,0.0,0,110.48,1,0.0,0,0.0,0,0.0,0,0.0,0,0.0,0,0.0,0,0.0,0,0.0,0,0.0,0,0.0,0,0.0,0,0.0,0,0.0,0,0.0,0,0.0,0,0.0,0,0.0,0,0.0,0,0.0,0,0,00BR
North Yorkshire Council,E06000065,Yorkshire and The Humber,Signed Off,8460,6677,73,1631,91.44,6642,91.51,6569,84.95,73,65.03,4,80.43,1809,90.28,2263,99.99,2331,110.43,153,121.45,9,0.0,0,82.89,1631,82.89,1631,0.0,0,62.05,77,78.85,814,89.39,723,94.61,17,0.0,0,132.01,108,132.01,108,0.0,0,0.0,0,110.87,15,129.64,70,153.6,21,146.62,2,0.0,0,0.0,0,0.0,0,0.0,0,0.0,0,0.0,0,0.0,0,0.0,0,0.0,0,0.0,0,79,5179
Stockport Metropolitan Borough Council,E08000007,North West,Signed Off,10987,9846,0,1065,84.81,9594,84.81,9594,0.0,0,69.72,361,74.6,2850,85.25,3352,95.36,2913,103.92,116,140.07,1,160.37,1,82.59,1049,83.03,979,76.39,70,68.4,29,82.7,835,88.65,103,93.71,11,88.11,1,140.96,252,140.96,252,,0,,0,122.42,33,133.91,117,154.35,99,178.33,3,,0,,0,115.62,16,115.62,16,,0,,0,112.12,14,140.1,2,,0,0.0,0,76,00BS
Borough Council of King’s Lynn & West Norfolk,E07000146,East of England,Signed Off,3,1,0,0,0.0,0,0.0,0,0.0,0,0.0,0,0.0,0,0.0,0,0.0,0,0.0,0,0.0,0,0.0,0,0.0,0,0.0,0,0.0,0,0.0,0,0.0,0,0.0,0,0.0,0,0.0,0,115.58,1,115.58,1,,0,,0,,0,,0,115.58,1,,0,,0,,0,0.0,0,0.0,0,,0,,0,,0,,0,,0,0.0,0,2,5180
Wigan Council,E08000010,North West,Signed Off,21334,19884,3,1447,85.48,19099,85.48,19096,70.02,3,61.3,111,74.27,4113,83.97,6276,91.98,8321,100.03,261,110.92,7,123.03,7,75.47,1175,75.47,1175,0.0,0,61.08,19,75.04,1069,82.83,77,92.2,10,0.0,0,117.87,788,117.87,788,0.0,0,0.0,0,124.73,106,114.98,352,116.75,318,170.18,11,188.26,1,0.0,0,214.68,272,214.68,272,0.0,0,336.21,9,210.55,237,210.25,26,0.0,0,0.0,0,0,00BW
Breckland Council,E07000143,East of England,Signed Off,48,41,7,0,162.6,48,159.9,41,178.43,7,178.43,14,178.43,9,126.03,9,153.19,7,122.74,2,0.0,0,0.0,0,0.0,0,0.0,0,0.0,0,0.0,0,0.0,0,0.0,0,0.0,0,0.0,0,0.0,0,0.0,0,,0,,0,,0,,0,,0,,0,,0,,0,0.0,0,0.0,0,,0,,0,,0,,0,,0,0.0,0,0,5182
South Oxfordshire District Council,E07000179,South East,Signed Off,18,18,0,0,194.21,18,194.21,18,0.0,0,0.0,0,0.0,0,176.53,13,206.65,3,290.45,2,0.0,0,0.0,0,0.0,0,0.0,0,0.0,0,0.0,0,0.0,0,0.0,0,0.0,0,0.0,0,0.0,0,0.0,0,,0,,0,,0,,0,,0,,0,,0,,0,0.0,0,0.0,0,,0,,0,,0,,0,,0,0.0,0,0,5183
Vale of White Horse District Council,E07000180,South East,Signed Off,30,30,0,0,221.32,30,221.32,30,0.0,0,0.0,0,0.0,0,197.45,8,238.95,4,290.45,1,290.45,1,220.2,16,0.0,0,0.0,0,0.0,0,0.0,0,0.0,0,0.0,0,0.0,0,0.0,0,0.0,0,0.0,0,,0,,0,,0,,0,,0,,0,,0,,0,0.0,0,0.0,0,,0,,0,,0,,0,,0,0.0,0,0,5184
Wirral Metropolitan Borough Council,E08000015,North West,Signed Off,27,27,0,0,86.4,27,86.4,27,0.0,0,0.0,0,81.99,5,86.49,20,96.46,2,0.0,0,0.0,0,0.0,0,0.0,0,0.0,0,0.0,0,0.0,0,0.0,0,0.0,0,0.0,0,0.0,0,0.0,0,0.0,0,,0,,0,,0,,0,,0,,0,,0,,0,0.0,0,0.0,0,,0,,0,,0,,0,,0,0.0,0,0,00CB
Plymouth City Council,E06000026,South West,Signed Off,1,1,0,0,146.15,1,146.15,1,0.0,0,0.0,0,0.0,0,0.0,0,0.0,0,146.15,1,0.0,0,0.0,0,0.0,0,0.0,0,0.0,0,0.0,0,0.0,0,0.0,0,0.0,0,0.0,0,0.0,0,0.0,0,0.0,0,0.0,0,0.0,0,0.0,0,0.0,0,0.0,0,0.0,0,0.0,0,0.0,0,0.0,0,0.0,0,0.0,0,0.0,0,0.0,0,0.0,0,0.0,0,0,5185
Barnsley Metropolitan Borough Council,E08000016,Yorkshire and The Humber,Signed Off,17983,17262,0,721,84.41,17262,84.41,17262,0.0,0,63.98,73,73.76,3658,84.03,6174,89.98,7135,97.69,212,109.38,9,126.14,1,73.97,721,73.67,705,87.13,16,61.2,45,70.81,416,80.62,237,88.64,7,0.0,0,0.0,0,0.0,0,0.0,0,0.0,0,0.0,0,0.0,0,,0,,0,,0,,0,0.0,0,0.0,0,0.0,0,0.0,0,0.0,0,0.0,0,0.0,0,0.0,0,0,00CC
Trafford Council,E08000009,North West,Signed Off,19,19,0,0,0.0,0,0.0,0,0.0,0,0.0,0,0.0,0,0.0,0,0.0,0,0.0,0,0.0,0,0.0,0,0.0,0,0.0,0,0.0,0,0.0,0,0.0,0,0.0,0,0.0,0,0.0,0,186.48,19,186.48,19,,0,,0,148.38,9,224.9,7,211.15,3,,0,,0,,0,0.0,0,0.0,0,,0,,0,,0,,0,,0,0.0,0,0,5186
City of Doncaster Council,E08000017,Yorkshire and The Humber,Signed Off,19855,19855,0,0,81.13,19304,81.13,19304,0.0,0,57.58,32,73.26,4966,80.62,5895,85.84,8040,94.58,368,123.85,1,116.75,2,0.0,0,0.0,0,0.0,0,0.0,0,0.0,0,0.0,0,0.0,0,0.0,0,114.91,551,114.91,551,0.0,0,0.0,0,93.19,21,110.68,340,118.89,161,157.76,27,163.68,2,0.0,0,0.0,0,0.0,0,0.0,0,0.0,0,0.0,0,0.0,0,0.0,0,0.0,0,0,00CE
Maldon District Council,E07000074,East of England,Signed Off,1,0,0,1,0.0,0,0.0,0,0.0,0,0.0,0,0.0,0,0.0,0,0.0,0,0.0,0,0.0,0,0.0,0,226.68,1,226.68,1,0.0,0,0.0,0,0.0,0,0.0,0,226.68,1,0.0,0,0.0,0,0.0,0,,0,,0,,0,,0,,0,,0,,0,,0,0.0,0,0.0,0,,0,,0,,0,,0,,0,0.0,0,0,5187
Rotherham Metropolitan Borough Council,E08000018,Yorkshire and The Humber,Signed Off,20011,19879,0,0,85.12,19608,85.12,19608,0.0,0,58.13,77,77.14,4901,84.02,6559,90.8,7798,100.28,268,103.26,4,100.19,1,0.0,0,0.0,0,0.0,0,0.0,0,0.0,0,0.0,0,0.0,0,0.0,0,109.05,271,109.05,271,0.0,0,0.0,0,95.2,77,111.69,144,122.8,50,0.0,0,0.0,0,0.0,0,0.0,0,0.0,0,0.0,0,0.0,0,0.0,0,0.0,0,0.0,0,0.0,0,132,00CF
Boston Borough Council,E07000136,East Midlands,Signed Off,12,12,0,0,0.0,0,0.0,0,0.0,0,0.0,0,0.0,0,0.0,0,0.0,0,0.0,0,0.0,0,0.0,0,0.0,0,0.0,0,0.0,0,0.0,0,0.0,0,0.0,0,0.0,0,0.0,0,153.42,12,153.42,12,,0,,0,,0,142.51,7,161.1,4,199.08,1,,0,,0,0.0,0,0.0,0,,0,,0,,0,,0,,0,0.0,0,0,5188
Sheffield City Council,E08000019,Yorkshire and The Humber,Signed Off,38268,36968,0,1288,83.99,36160,83.99,36160,0.0,0,69.87,174,74.96,12599,84.96,13110,93.8,9930,101.25,328,103.98,16,118.28,3,74.6,1146,74.6,1146,0.0,0,63.78,175,73.94,783,87.26,178,90.54,10,0.0,0,125.35,808,125.35,808,0.0,0,0.0,0,103.19,142,117.66,284,128.98,277,166.94,100,158.98,5,0.0,0,204.54,142,204.54,142,0.0,0,0.0,0,199.29,97,215.87,45,0.0,0,0.0,0,12,00CG
Broadland District Council,E07000144,East of England,Signed Off,39,4,35,0,87.93,39,129.77,4,83.15,35,0.0,0,0.0,0,0.0,0,129.77,4,0.0,0,0.0,0,0.0,0,0.0,0,0.0,0,0.0,0,0.0,0,0.0,0,0.0,0,0.0,0,0.0,0,0.0,0,0.0,0,,0,,0,,0,,0,,0,,0,,0,,0,0.0,0,0.0,0,,0,,0,,0,,0,,0,0.0,0,0,5190
Gateshead Metropolitan Borough Council,E08000037,North East,Signed Off,18116,16625,0,1491,86.88,16558,86.88,16558,0.0,0,65.36,112,76.83,2663,85.73,7884,93.06,5581,98.55,312,104.62,3,124.56,3,83.76,1473,83.76,1473,0.0,0,74.62,20,81.75,1027,88.78,421,110.02,5,0.0,0,127.42,67,127.42,67,0.0,0,0.0,0,104.8,17,119.81,22,146.46,21,144.94,6,174.49,1,0.0,0,106.44,18,106.44,18,0.0,0,0.0,0,94.58,13,115.5,1,142.72,4,0.0,0,0,00CH
South Norfolk Council,E07000149,East of England,Signed Off,13,8,5,0,86.62,13,88.78,8,83.15,5,77.39,6,0.0,0,0.0,0,122.97,2,0.0,0,0.0,0,0.0,0,0.0,0,0.0,0,0.0,0,0.0,0,0.0,0,0.0,0,0.0,0,0.0,0,0.0,0,0.0,0,,0,,0,,0,,0,,0,,0,,0,,0,0.0,0,0.0,0,,0,,0,,0,,0,,0,0.0,0,0,5191
Newcastle City Council,E08000021,North East,Signed Off,24536,23704,0,832,86.2,23372,86.2,23372,0.0,0,68.22,60,73.96,4335,83.92,9268,93.46,9160,101.08,473,106.85,58,121.85,18,75.25,544,75.25,544,0.0,0,66.35,26,74.56,452,83.05,61,89.16,5,0.0,0,137.6,332,137.6,332,0.0,0,0.0,0,134.66,114,132.56,161,149.76,42,179.91,15,0.0,0,0.0,0,199.45,288,199.45,288,0.0,0,0.0,0,191.87,190,214.15,98,0.0,0,0.0,0,0,00CJ
Blaby District Council,E07000129,East Midlands,Signed Off,15,15,0,0,144.53,15,144.53,15,0.0,0,0.0,0,124.27,3,149.59,12,0.0,0,0.0,0,0.0,0,0.0,0,0.0,0,0.0,0,0.0,0,0.0,0,0.0,0,0.0,0,0.0,0,0.0,0,0.0,0,0.0,0,,0,,0,,0,,0,,0,,0,,0,,0,0.0,0,0.0,0,,0,,0,,0,,0,,0,0.0,0,0,5192
North Tyneside Council,E08000022,North East,Signed Off,14145,12654,0,1491,86.68,12599,86.68,12599,0.0,0,65.66,16,75.2,2451,84.5,4710,93.46,5096,99.4,320,106.21,6,0.0,0,78.78,1491,79.1,1469,57.5,22,0.0,0,76.92,1207,88.97,250,93.11,12,0.0,0,108.09,55,108.09,55,0.0,0,0.0,0,92.65,8,109.54,43,123.38,4,0.0,0,0.0,0,0.0,0,0.0,0,0.0,0,0.0,0,0.0,0,0.0,0,0.0,0,0.0,0,0.0,0,0,00CK
East Lindsey District Council,E07000137,East Midlands,Signed Off,8,8,0,0,0.0,0,0.0,0,0.0,0,0.0,0,0.0,0,0.0,0,0.0,0,0.0,0,0.0,0,0.0,0,0.0,0,0.0,0,0.0,0,0.0,0,0.0,0,0.0,0,0.0,0,0.0,0,129.01,8,129.01,8,,0,,0,,0,113.91,3,138.07,5,,0,,0,,0,0.0,0,0.0,0,,0,,0,,0,,0,,0,0.0,0,0,5193
South Tyneside Council,E08000023,North East,Signed Off,15931,14791,0,1136,83.36,14785,83.36,14785,0.0,0,63.45,84,73.11,2953,82.98,5404,88.54,6071,92.59,269,94.22,4,0.0,0,74.82,1136,74.82,1136,0.0,0,62.05,9,73.0,950,84.92,172,95.51,5,0.0,0,128.05,6,128.05,6,,0,,0,,0,128.05,6,,0,,0,,0,,0,0.0,0,0.0,0,,0,,0,,0,,0,,0,0.0,0,4,00CL
London Borough of Richmond Upon Thames,E09000027,London,Signed Off,0,0,0,0,0.0,0,0.0,0,0.0,0,0.0,0,0.0,0,0.0,0,0.0,0,0.0,0,0.0,0,0.0,0,0.0,0,0.0,0,0.0,0,0.0,0,0.0,0,0.0,0,0.0,0,0.0,0,0.0,0,0.0,0,,0,,0,,0,,0,,0,,0,,0,,0,0.0,0,0.0,0,,0,,0,,0,,0,,0,0.0,0,0,5196
Birmingham City Council,E08000025,West Midlands,Signed Off,58813,53078,777,4884,92.1,52011,92.84,51234,43.05,777,70.22,672,79.16,13917,89.9,16390,104.26,18641,116.06,1474,139.88,122,146.61,18,81.56,4880,81.56,4880,0.0,0,71.09,28,80.41,3583,84.91,1261,104.01,8,0.0,0,116.73,1844,116.73,1844,,0,,0,93.88,36,106.02,773,118.84,766,142.56,239,160.67,30,,0,124.34,4,124.34,4,,0,,0,,0,124.34,4,,0,0.0,0,74,00CN
Dudley Metropolitan Borough Council,E08000027,West Midlands,Signed Off,21063,20636,0,427,89.14,20245,89.14,20245,0.0,0,66.47,237,77.79,5460,87.08,6051,97.89,7878,106.36,586,113.04,22,114.33,11,81.71,328,81.71,328,0.0,0,69.56,101,80.62,188,117.8,37,103.27,1,156.93,1,112.27,391,112.27,391,0.0,0,0.0,0,92.28,89,114.13,209,98.57,50,159.26,38,164.39,3,178.37,2,92.8,99,88.08,94,181.44,5,0.0,0,87.95,93,100.33,1,0.0,0,0.0,0,0,00CR
Sandwell Metropolitan Borough Council,E08000028,West Midlands,Signed Off,27869,27646,0,223,87.08,27054,87.08,27054,0.0,0,62.59,44,75.51,7341,83.42,7756,96.22,11312,105.23,587,113.58,9,127.24,5,75.16,40,75.16,40,0.0,0,0.0,0,74.62,39,0.0,0,96.26,1,0.0,0,126.08,592,126.08,592,0.0,0,0.0,0,91.82,42,119.32,293,134.26,179,148.16,71,147.31,5,267.31,2,135.75,183,135.75,183,0.0,0,0.0,0,140.17,106,129.66,77,0.0,0,0.0,0,0,00CS
Solihull Metropolitan Borough Council,E08000029,West Midlands,Signed Off,9816,9678,0,73,90.8,9615,90.8,9615,0.0,0,81.18,116,83.78,3919,88.81,2825,102.52,2511,110.19,233,119.28,10,117.75,1,78.7,21,78.7,21,0.0,0,70.43,11,87.79,10,0.0,0,0.0,0,0.0,0,117.76,63,117.76,63,,0,,0,75.14,1,106.74,22,123.85,31,128.44,9,,0,,0,108.27,52,108.27,52,,0,,0,104.77,44,127.54,8,,0,0.0,0,65,00CT
Wolverhampton City Council,E08000031,West Midlands,Signed Off,21530,21454,0,21,89.32,20906,89.32,20906,0.0,0,70.0,130,77.49,5426,86.67,6828,98.53,7928,108.38,552,115.47,27,120.46,15,0.0,0,0.0,0,0.0,0,0.0,0,0.0,0,0.0,0,0.0,0,0.0,0,115.85,548,115.85,548,,0,91.82,16,93.2,113,115.72,315,130.96,64,165.9,38,172.6,2,0.0,0,175.57,21,175.57,21,,0,,0,175.57,21,,0,,0,0.0,0,55,00CW
City of Bradford Metropolitan District Council,E08000032,Yorkshire and The Humber,Signed Off,425,356,0,69,0.0,0,0.0,0,0.0,0,0.0,0,0.0,0,0.0,0,0.0,0,0.0,0,0.0,0,0.0,0,0.0,0,0.0,0,0.0,0,0.0,0,0.0,0,0.0,0,0.0,0,0.0,0,116.75,356,116.75,356,,0,,0,,0,109.92,154,121.08,152,125.1,38,123.05,12,,0,123.48,69,123.48,69,,0,,0,113.79,33,132.37,36,,0,0.0,0,0,00CX
Kirklees Metropolitan Borough Council,E08000034,Yorkshire and The Humber,Signed Off,21729,21200,0,529,79.64,21172,79.64,21172,0.0,0,57.66,123,70.57,9093,82.74,7479,93.08,4154,98.31,311,109.44,7,115.81,5,64.42,529,64.42,529,0.0,0,58.58,213,67.68,292,75.85,19,79.59,5,0.0,0,94.84,28,94.84,28,,0,,0,85.0,18,103.16,5,121.92,5,,0,,0,,0,0.0,0,0.0,0,,0,,0,,0,,0,,0,0.0,0,0,00CZ
Leeds City Council,E08000035,Yorkshire and The Humber,Signed Off,52932,48755,0,4170,83.98,48328,83.98,48328,0.0,0,70.91,159,73.44,11692,83.49,20305,91.65,14336,96.88,1708,108.66,100,109.21,28,79.32,4063,79.32,4063,0.0,0,65.31,119,77.83,3002,85.83,936,87.55,6,0.0,0,138.97,427,138.97,427,0.0,0,0.0,0,131.16,39,133.31,230,144.41,142,179.3,15,0.0,0,367.29,1,209.34,107,209.34,107,0.0,0,0.0,0,212.3,73,203.0,34,0.0,0,0.0,0,7,00DA
Hartlepool Borough Council,E06000001,North East,Signed Off,351,351,0,0,0.0,0,0.0,0,0.0,0,0.0,0,0.0,0,0.0,0,0.0,0,0.0,0,0.0,0,0.0,0,0.0,0,0.0,0,0.0,0,0.0,0,0.0,0,0.0,0,0.0,0,0.0,0,98.42,351,98.42,351,,0,0.0,0,74.07,15,93.04,216,109.24,106,124.61,13,0.0,0,137.67,1,0.0,0,0.0,0,,0,,0,,0,,0,,0,0.0,0,0,00EB
Middlesbrough Council,E06000002,North East,Signed Off,0,0,0,0,0.0,0,0.0,0,0.0,0,0.0,0,0.0,0,0.0,0,0.0,0,0.0,0,0.0,0,0.0,0,0.0,0,0.0,0,0.0,0,0.0,0,0.0,0,0.0,0,0.0,0,0.0,0,0.0,0,0.0,0,,0,,0,,0,,0,,0,,0,,0,,0,0.0,0,0.0,0,,0,,0,,0,,0,,0,0.0,0,0,00EC
Darlington Borough Council,E06000005,North East,Signed Off,5248,4861,0,387,79.08,3659,79.08,3659,0.0,0,0.0,0,69.95,1245,79.2,1183,88.08,1203,93.94,28,0.0,0,0.0,0,73.26,262,73.26,262,0.0,0,0.0,0,72.58,243,77.97,14,87.94,2,96.43,3,103.94,1202,103.94,1202,0.0,0,0.0,0,100.17,464,101.46,458,113.03,269,144.14,10,136.66,1,0.0,0,147.19,125,147.19,125,0.0,0,0.0,0,147.65,118,137.08,6,0.0,0,153.24,1,0,00EH
Durham County Council,E06000047,North East,Signed Off,108,15,0,93,40.02,3,40.02,3,0.0,0,0.0,0,0.0,0,0.0,0,40.02,3,0.0,0,0.0,0,0.0,0,84.39,93,84.39,93,0.0,0,89.75,1,74.79,43,87.45,33,103.56,16,0.0,0,140.08,12,140.08,12,0.0,0,0.0,0,0.0,0,131.35,7,152.3,5,0.0,0,0.0,0,0.0,0,0.0,0,0.0,0,0.0,0,0.0,0,0.0,0,0.0,0,0.0,0,0.0,0,0,00EJ
Northumberland County Council,E06000057,North East,Signed Off,8267,7977,0,287,77.78,7848,77.78,7848,0.0,0,59.28,16,65.96,1668,77.72,3171,84.07,2844,92.97,144,94.64,4,114.31,1,67.3,287,67.3,287,0.0,0,66.9,14,64.91,233,77.53,26,85.41,10,96.12,4,100.45,129,100.45,129,0.0,0,0.0,0,76.17,12,99.81,88,109.99,24,117.47,4,150.75,1,,0,0.0,0,0.0,0,0.0,0,0.0,0,0.0,0,0.0,0,0.0,0,0.0,0,3,00EM
Warrington Borough Council,E06000007,North West,Signed Off,54,0,0,54,0.0,0,0.0,0,0.0,0,0.0,0,0.0,0,0.0,0,0.0,0,0.0,0,0.0,0,0.0,0,0.0,0,0.0,0,0.0,0,0.0,0,0.0,0,0.0,0,0.0,0,0.0,0,0.0,0,0.0,0,,0,,0,,0,,0,,0,,0,,0,,0,127.45,54,127.45,54,,0,,0,121.08,25,132.95,29,,0,0.0,0,0,00EU
Cheshire West and Chester Council,E06000050,North West,Signed Off,5357,5319,0,18,89.1,5098,89.1,5098,0.0,0,0.0,0,81.16,1324,88.58,1325,93.46,2328,97.38,110,89.71,6,115.93,5,87.98,9,87.98,9,0.0,0,0.0,0,80.05,3,90.88,3,93.02,3,0.0,0,113.15,221,113.15,221,,0,,0,97.93,77,118.88,120,133.97,23,,0,,0,119.7,1,114.96,9,114.96,9,,0,,0,102.64,4,124.82,5,,0,0.0,0,20,00EW
Blackpool Borough Council,E06000009,North West,Signed Off,5263,4037,0,824,78.32,3359,78.32,3359,0.0,0,59.67,13,71.18,1591,79.98,781,87.75,894,101.06,77,121.14,1,125.21,2,74.51,796,74.03,722,79.1,74,62.26,29,74.27,654,78.64,38,86.56,1,0.0,0,105.5,678,105.5,678,0.0,0,0.0,0,84.89,267,111.6,235,123.67,140,146.98,26,150.0,7,150.0,3,89.98,28,89.98,28,0.0,0,0.0,0,89.98,28,0.0,0,0.0,0,0.0,0,402,00EY
Kingston upon Hull City Council,E06000010,Yorkshire and The Humber,Signed Off,23038,22248,83,707,83.51,21764,83.58,21681,67.21,83,59.86,39,71.7,5041,82.8,7949,90.4,7618,97.25,930,103.93,94,116.89,10,72.53,707,73.24,694,34.67,13,61.82,35,73.23,598,79.91,61,0.0,0,0.0,0,107.39,567,107.39,567,0.0,0,0.0,0,88.95,129,105.11,297,126.61,130,161.44,10,124.81,1,0.0,0,0.0,0,0.0,0,0.0,0,0.0,0,0.0,0,0.0,0,0.0,0,0.0,0,0,00FA
East Riding Of Yorkshire Council,E06000011,Yorkshire and The Humber,Signed Off,11349,10633,0,604,90.03,9315,90.03,9315,0.0,0,67.64,79,80.0,2509,90.84,4035,98.32,2548,107.17,138,124.17,5,137.26,1,87.18,524,87.18,524,0.0,0,70.1,18,85.03,305,91.78,197,101.36,4,0.0,0,105.75,1318,105.75,1318,0.0,0,0.0,0,82.82,91,102.85,798,115.61,415,127.01,13,141.05,1,0.0,0,114.84,80,114.84,80,0.0,0,0.0,0,91.14,21,123.27,59,0.0,0,0.0,0,112,00FB
City of York Council,E06000014,Yorkshire and The Humber,Signed Off,7658,6927,0,615,90.63,6927,90.63,6927,0.0,0,70.47,74,79.97,2435,92.32,2140,100.62,2088,105.67,176,115.9,14,0.0,0,84.34,447,84.66,439,66.73,8,70.91,12,83.68,376,93.98,47,108.21,4,0.0,0,0.0,0,0.0,0,,0,,0,,0,,0,,0,,0,,0,,0,59.33,168,129.44,6,56.73,162,,0,129.44,6,,0,,0,0.0,0,116,00FF
Derby City Council,E06000015,East Midlands,Signed Off,12428,9945,0,2420,90.17,9600,90.17,9600,0.0,0,70.95,6,78.65,1830,87.06,2833,95.93,4800,105.93,111,125.16,11,120.38,9,84.77,2271,84.91,2259,59.46,12,76.13,27,83.26,1954,96.74,267,106.22,9,138.115,2,140.23,345,140.23,345,,0,,0,105.09,27,124.54,128,149.07,110,162.65,44,170.42,29,157.68,7,109.17,149,111.93,140,66.29,9,,0,94.67,28,112.95,105,165.43,5,165.95,2,63,00FK
Leicester City Council,E06000016,East Midlands,Signed Off,19440,19321,3,116,80.11,18537,80.11,18534,40.34,3,65.57,374,70.02,6820,80.74,4265,89.36,6570,99.41,404,108.1,88,125.29,13,75.84,116,87.72,44,68.57,72,89.75,20,89.92,6,84.74,18,0.0,0,0.0,0,132.56,787,132.56,787,0.0,0,79.35,30,94.65,51,117.96,237,145.66,407,157.43,54,172.29,8,0.0,0,0.0,0,0.0,0,0.0,0,0.0,0,0.0,0,0.0,0,0.0,0,0.0,0,0,00FN
Nottingham City Council,E06000018,East Midlands,Signed Off,24623,22481,0,2142,84.5,21800,84.5,21800,0.0,0,65.64,57,72.6,6251,86.13,6330,91.3,8708,97.17,437,104.19,15,104.66,2,75.65,1929,75.65,1929,0.0,0,0.0,0,75.47,1896,86.57,15,85.71,16,84.19,2,129.16,681,129.16,681,0.0,0,0.0,0,114.86,130,129.55,395,132.94,144,165.34,11,0.0,0,891.57,1,141.97,213,141.97,213,0.0,0,0.0,0,142.99,186,134.92,27,0.0,0,0.0,0,0,00FY
Shropshire Council,E06000051,West Midlands,Signed Off,4069,3673,13,329,93.5,3288,93.63,3275,61.9,13,60.18,19,79.27,386,91.35,1510,100.45,1317,108.2,40,0.0,0,107.03,3,82.63,329,82.63,329,0.0,0,58.86,3,79.46,223,90.14,102,94.77,1,0.0,0,114.78,398,114.78,398,0.0,0,0.0,0,83.18,28,112.5,196,120.99,169,149.32,4,258.46,1,0.0,0,0.0,0,0.0,0,0.0,0,0.0,0,0.0,0,0.0,0,0.0,0,0.0,0,54,00GG
Stoke on Trent City Council,E06000021,West Midlands,Signed Off,17287,17135,0,152,80.44,16997,80.44,16997,0.0,0,61.73,50,70.6,3997,79.69,6864,87.66,5934,96.02,141,100.68,2,112.17,9,108.97,152,108.97,152,0.0,0,0.0,0,103.79,77,114.28,75,0.0,0,0.0,0,128.12,138,128.12,138,,0,,0,95.01,30,118.77,20,137.8,76,165.12,12,,0,,0,0.0,0,0.0,0,,0,,0,,0,,0,,0,0.0,0,0,00GL
Bristol City Council,E06000023,South West,Signed Off,26689,25691,0,974,91.6,25691,91.6,25691,0.0,0,70.82,309,79.4,5858,88.59,10081,102.65,9022,111.01,393,117.64,20,132.69,8,85.9,974,84.79,941,117.69,33,115.32,12,83.19,741,88.75,182,100.68,6,0.0,0,0.0,0,0.0,0,0.0,0,0.0,0,0.0,0,0.0,0,0.0,0,0.0,0,0.0,0,0.0,0,0.0,0,0.0,0,0.0,0,0.0,0,0.0,0,0.0,0,0.0,0,0.0,0,24,00HB
North Somerset Council,E06000024,South West,Signed Off,0,0,0,0,0.0,0,0.0,0,0.0,0,0.0,0,0.0,0,0.0,0,0.0,0,0.0,0,0.0,0,0.0,0,0.0,0,0.0,0,0.0,0,0.0,0,0.0,0,0.0,0,0.0,0,0.0,0,0.0,0,0.0,0,0.0,0,0.0,0,0.0,0,0.0,0,0.0,0,0.0,0,0.0,0,0.0,0,0.0,0,0.0,0,0.0,0,0.0,0,0.0,0,0.0,0,0.0,0,0.0,0,0,00HC
Cornwall Council,E06000052,South West,Signed Off,10381,10283,0,66,81.73,10215,81.73,10215,0.0,0,62.11,23,72.07,2601,80.4,4180,90.45,3266,99.41,138,115.35,3,113.03,4,73.43,66,73.43,66,0.0,0,71.07,14,70.0,46,99.43,2,108.15,4,0.0,0,148.26,68,148.26,68,0.0,0,0.0,0,129.22,26,139.22,12,166.11,24,141.91,3,212.88,3,0.0,0,0.0,0,0.0,0,0.0,0,0.0,0,0.0,0,0.0,0,0.0,0,0.0,0,32,00HE
Council of the Isles of Scilly,E06000053,South West,Signed Off,101,101,0,0,91.7,98,91.7,98,0.0,0,75.7,18,90.34,19,91.87,20,99.01,38,102.5,3,0.0,0,0.0,0,0.0,0,0.0,0,0.0,0,0.0,0,0.0,0,0.0,0,0.0,0,0.0,0,169.9,3,169.9,3,,0,,0,155.12,1,177.29,2,,0,,0,,0,,0,0.0,0,0.0,0,0.0,0,0.0,0,0.0,0,0.0,0,0.0,0,0.0,0,0,00HF
Swindon Borough Council,E06000030,South West,Signed Off,10401,10265,0,136,90.98,9782,90.98,9782,0.0,0,74.84,210,83.67,3279,91.05,2673,97.66,3427,112.97,189,117.67,4,0.0,0,86.77,89,86.77,89,0.0,0,76.45,50,92.55,12,98.58,19,108.65,6,132.16,2,137.81,483,137.81,483,0.0,0,0.0,0,109.39,77,124.85,189,151.82,190,201.06,24,,0,291.15,3,88.86,47,88.86,47,,0,72.35,25,107.62,22,,0,0.0,0,0.0,0,0,00HX
Wiltshire Council,E06000054,South West,Signed Off,5332,4708,0,599,102.49,4516,102.49,4516,0.0,0,78.74,70,88.85,656,100.76,1961,109.71,1698,115.39,129,0.0,0,138.91,2,84.72,513,84.72,513,0.0,0,72.67,23,84.32,432,92.48,58,0.0,0,0.0,0,146.47,192,146.47,192,0.0,0,0.0,0,120.44,39,141.95,106,168.14,38,220.91,9,0.0,0,0.0,0,177.29,86,177.29,86,0.0,0,0.0,0,164.95,26,182.64,60,0.0,0,0.0,0,25,00HY
Luton Borough Council,E06000032,East of England,Signed Off,7615,7596,0,0,92.03,7385,92.03,7385,0.0,0,69.82,139,81.86,2317,90.33,2201,102.57,2606,113.38,104,129.36,17,192.63,1,0.0,0,0.0,0,0.0,0,0.0,0,0.0,0,0.0,0,0.0,0,0.0,0,169.42,211,169.42,211,,0,,0,127.57,35,156.98,122,215.07,41,255.16,11,253.16,2,,0,0.0,0,0.0,0,,0,,0,,0,,0,,0,0.0,0,19,00KA
Central Bedfordshire Council,E06000056,East of England,Signed Off,5474,4585,62,777,116.73,4495,116.98,4439,96.88,56,87.92,76,102.36,939,115.14,1427,125.53,1849,134.92,145,145.28,2,195.63,1,108.44,496,108.44,496,0.0,0,102.85,30,106.72,390,119.48,76,0.0,0,0.0,0,176.48,152,179.47,146,103.66,6,0.0,0,141.77,52,171.32,40,196.83,34,264.37,19,262.59,1,0.0,0,198.96,281,198.96,281,0.0,0,165.15,5,191.45,217,229.44,59,0.0,0,0.0,0,50,00KC
Southend on Sea City Council,E06000033,East of England,Signed Off,6048,4929,0,1119,99.94,4772,99.94,4772,0.0,0,76.61,188,87.77,1789,98.38,1211,117.08,1493,127.0,89,123.96,2,0.0,0,90.1,1119,87.79,1028,116.19,91,84.62,353,89.38,673,114.42,1,105.37,1,0.0,0,189.28,157,189.28,157,0.0,0,0.0,0,130.75,25,174.31,64,218.08,61,284.22,7,,0,,0,0.0,0,0.0,0,,0,,0,,0,,0,,0,0.0,0,0,00KF
Thurrock Council,E06000034,East of England,Signed Off,9823,8597,0,1226,99.79,8400,99.79,8400,0.0,0,69.62,240,83.18,1644,90.24,2190,111.75,4056,125.19,254,129.89,13,138.17,3,81.27,1190,81.32,1184,70.86,6,68.25,2,80.92,1163,100.67,12,107.66,5,143.93,2,167.72,197,167.72,197,0.0,0,138.68,2,138.85,54,164.82,98,208.53,40,255.4,2,260.53,1,0.0,0,137.15,36,137.15,36,0.0,0,0.0,0,132.16,32,177.04,4,0.0,0,0.0,0,0,00KG
Medway Council,E06000035,South East,Signed Off,3037,2731,7,298,95.89,2680,95.89,2680,0.0,0,72.45,112,83.21,677,95.28,1072,109.98,789,119.97,28,133.97,2,0.0,0,72.75,298,72.75,298,0.0,0,68.48,199,80.77,93,90.32,6,0.0,0,0.0,0,155.53,58,166.94,51,72.4,7,0.0,0,134.42,10,174.35,40,195.56,1,0.0,0,0.0,0,0.0,0,0.0,0,0.0,0,0.0,0,0.0,0,0.0,0,0.0,0,0.0,0,0.0,0,0,00LC
West Berkshire District Council,E06000037,South East,Signed Off,0,0,0,0,0.0,0,0.0,0,0.0,0,0.0,0,0.0,0,0.0,0,0.0,0,0.0,0,0.0,0,0.0,0,0.0,0,0.0,0,0.0,0,0.0,0,0.0,0,0.0,0,0.0,0,0.0,0,0.0,0,0.0,0,,0,,0,,0,,0,,0,,0,,0,,0,0.0,0,0.0,0,,0,,0,,0,,0,,0,0.0,0,0,00MB
Reading Borough Council,E06000038,South East,Signed Off,6863,6516,0,341,115.97,6390,115.97,6390,0.0,0,88.44,352,100.11,1541,115.71,1986,128.68,2356,144.66,144,156.5,7,180.29,4,108.41,341,108.41,341,0.0,0,93.43,80,110.85,244,143.97,17,0.0,0,0.0,0,129.72,126,129.72,126,,0,,0,111.7,51,132.5,57,158.23,8,181.21,9,198.87,1,,0,0.0,0,0.0,0,,0,,0,,0,,0,,0,0.0,0,6,00MC
Slough Borough Council,E06000039,South East,Signed Off,5992,5992,0,0,117.8,5842,117.8,5842,0.0,0,88.43,246,101.26,2092,121.76,1536,134.37,1784,147.62,148,166.98,33,163.39,3,0.0,0,0.0,0,0.0,0,0.0,0,0.0,0,0.0,0,0.0,0,0.0,0,233.29,150,233.29,150,0.0,0,0.0,0,166.23,4,219.17,60,246.34,81,244.99,5,0.0,0,0.0,0,0.0,0,0.0,0,,0,,0,,0,,0,,0,0.0,0,0,00MD
Wokingham Borough Council,E06000041,South East,Signed Off,2654,2316,12,248,125.16,2311,125.34,2299,89.59,12,96.75,74,108.67,384,121.97,965,137.61,807,150.91,61,158.89,7,199.53,1,110.33,248,111.21,244,56.53,4,100.83,20,110.98,211,129.69,12,145.12,1,0.0,0,270.07,17,270.07,17,0.0,0,0.0,0,0.0,0,218.63,6,264.66,7,356.71,4,0.0,0,0.0,0,0.0,0,0.0,0,0.0,0,0.0,0,0.0,0,0.0,0,0.0,0,0.0,0,78,00MF
Milton Keynes Council,E06000042,South East,Signed Off,12425,10867,0,71,97.55,10661,97.55,10661,0.0,0,74.82,265,86.15,3282,97.25,2651,106.39,4025,116.77,407,123.79,31,0.0,0,101.92,62,101.92,62,0.0,0,0.0,0,101.36,58,110.01,4,0.0,0,0.0,0,204.55,206,204.55,206,0.0,0,135.88,2,150.76,10,176.06,79,209.03,84,261.11,21,347.27,9,280.98,1,139.08,9,139.08,9,0.0,0,122.35,1,141.17,8,0.0,0,0.0,0,0.0,0,1487,00MG
Brighton and Hove City Council,E06000043,South East,Signed Off,11816,10921,0,895,97.42,10490,97.42,10490,0.0,0,75.02,361,85.29,3093,97.04,4181,112.76,2566,121.09,237,137.68,46,161.02,6,83.06,850,83.06,850,0.0,0,73.54,233,85.04,524,95.6,92,107.78,1,0.0,0,203.91,431,203.91,431,0.0,0,117.95,1,176.53,95,201.27,256,247.19,70,238.53,8,258.44,1,0.0,0,206.42,45,206.42,45,0.0,0,0.0,0,206.42,45,0.0,0,0.0,0,0.0,0,0,00ML
Portsmouth City Council,E06000044,South East,Signed Off,15711,13884,0,1738,98.27,12985,98.27,12985,0.0,0,75.36,262,85.92,3149,96.66,4829,108.28,4349,120.61,362,127.49,31,159.33,3,89.63,1489,89.22,1428,99.06,61,79.22,133,87.67,1090,99.19,179,136.89,26,0.0,0,169.32,899,169.32,899,0.0,0,134.63,6,130.78,218,160.94,359,197.57,280,271.7,31,276.16,3,275.22,2,134.71,249,160.46,66,125.42,183,128.59,1,148.64,36,175.33,28,201.37,1,0.0,0,89,00MR
Southampton City Council,E06000045,South East,Signed Off,15925,12498,4,3325,95.22,12409,95.23,12405,49.78,4,68.01,486,78.99,2241,90.83,5264,111.07,4092,119.61,315,132.17,6,177.13,1,82.03,3172,82.23,3159,32.1,13,69.92,125,82.54,2990,96.28,44,0.0,0,0.0,0,166.84,93,166.84,93,0.0,0,0.0,0,139.65,17,162.42,44,187.36,32,0.0,0,0.0,0,0.0,0,140.65,153,140.65,153,0.0,0,0.0,0,129.01,88,156.41,65,0.0,0,0.0,0,98,00MS
Cambridge City Council,E07000008,East of England,Signed Off,7642,6999,21,538,114.4,6115,114.42,6094,109.45,21,86.56,95,97.19,1553,113.24,2192,127.6,2151,148.35,94,154.6,7,194.89,2,101.34,538,101.34,538,0.0,0,0.0,0,99.96,481,112.97,57,0.0,0,0.0,0,176.88,905,176.88,905,0.0,0,0.0,0,160.84,349,178.71,447,209.03,91,277.4,16,292.73,1,307.92,1,0.0,0,0.0,0,0.0,0,0.0,0,0.0,0,0.0,0,0.0,0,0.0,0,84,12UB
South Cambridgeshire District Council,E07000012,East of England,Signed Off,5692,4384,0,1074,119.37,4015,119.37,4015,0.0,0,86.79,13,100.6,508,118.39,1642,125.0,1784,141.36,66,0.0,0,155.69,2,116.33,1074,116.33,1074,0.0,0,90.95,7,107.12,481,124.2,586,0.0,0,0.0,0,170.07,369,170.07,369,0.0,0,0.0,0,142.3,128,169.66,169,204.07,56,277.65,16,0.0,0,0.0,0,0.0,0,0.0,0,0.0,0,0.0,0,0.0,0,0.0,0,0.0,0,0.0,0,234,12UG
Bolsover District Council,E07000033,East Midlands,Signed Off,4995,2659,0,2336,90.51,2493,90.51,2493,0.0,0,63.94,3,73.4,104,85.41,876,94.59,1476,99.67,34,0.0,0,0.0,0,87.72,2217,87.72,2217,0.0,0,69.21,87,78.88,424,90.68,1689,108.83,17,0.0,0,120.3,166,120.3,166,,0,,0,91.87,10,115.94,120,133.2,29,182.32,7,,0,,0,119.87,119,119.87,119,,0,,0,109.62,5,118.55,110,169.11,4,0.0,0,0,17UC
Chesterfield Borough Council,E07000034,East Midlands,Signed Off,8774,8633,0,141,89.08,8627,89.08,8627,0.0,0,70.17,32,82.82,3070,89.82,2696,94.5,2585,104.71,244,0.0,0,0.0,0,94.84,141,94.84,141,0.0,0,0.0,0,89.3,92,105.17,44,105.87,5,0.0,0,109.44,6,109.44,6,0.0,0,0.0,0,100.09,3,107.16,2,0.0,0,0.0,0,0.0,0,142.03,1,0.0,0,0.0,0,0.0,0,0.0,0,0.0,0,0.0,0,0.0,0,0.0,0,0,17UD
High Peak Borough Council,E07000037,East Midlands,Signed Off,3818,3548,0,270,79.07,3548,79.07,3548,0.0,0,63.45,31,71.81,1132,78.46,1174,86.46,1138,92.93,73,0.0,0,0.0,0,69.32,270,69.32,270,0.0,0,63.6,101,72.31,159,79.37,8,80.77,2,0.0,0,0.0,0,0.0,0,,0,,0,,0,,0,,0,,0,,0,,0,0.0,0,0.0,0,,0,,0,,0,,0,,0,0.0,0,0,17UH
North East Derbyshire District Council,E07000038,East Midlands,Signed Off,7496,7485,0,0,87.71,7416,87.71,7416,0.0,0,78.15,14,81.77,1479,88.05,2679,89.98,3132,95.97,111,97.22,1,0.0,0,0.0,0,0.0,0,0.0,0,0.0,0,0.0,0,0.0,0,0.0,0,0.0,0,113.92,69,113.92,69,0.0,0,0.0,0,93.98,14,115.94,49,143.9,6,0.0,0,0.0,0,0.0,0,0.0,0,0.0,0,0.0,0,0.0,0,0.0,0,0.0,0,0.0,0,0.0,0,11,17UJ
South Derbyshire District Council,E07000039,East Midlands,Signed Off,2937,2003,0,934,86.61,1982,86.61,1982,0.0,0,61.33,4,73.0,170,85.11,792,89.9,973,95.32,41,111.07,2,0.0,0,81.49,934,81.49,934,0.0,0,63.5,2,77.52,521,86.56,408,92.49,3,0.0,0,109.35,21,109.35,21,,0,,0,84.13,2,110.96,17,120.88,2,,0,,0,,0,0.0,0,0.0,0,,0,,0,,0,,0,,0,0.0,0,0,17UK
East Devon District Council,E07000040,South West,Signed Off,4167,2799,20,1348,93.86,2728,94.04,2708,69.808,20,82.73,25,78.38,308,89.38,877,99.79,1431,107.2,61,109.86,5,173.59,1,88.31,1347,88.31,1347,0.0,0,90.56,17,84.46,842,94.67,480,106.68,8,0.0,0,150.32,91,150.32,91,0.0,0,0.0,0,120.2,14,145.27,48,169.78,26,175.51,2,0.0,0,258.46,1,115.75,1,115.75,1,0.0,0,0.0,0,115.75,1,0.0,0,0.0,0,0.0,0,0,18UB
Exeter City Council,E07000041,South West,Signed Off,4787,4143,0,631,86.52,4081,86.52,4081,0.0,0,68.75,118,77.36,1014,85.76,1444,94.31,1413,102.31,85,108.26,7,0.0,0,79.46,552,79.46,552,0.0,0,68.91,25,77.35,369,86.04,158,0.0,0,0.0,0,136.97,62,136.97,62,,0,,0,87.74,8,97.97,13,158.94,41,,0,,0,,0,190.69,79,190.69,79,,0,,0,185.57,66,216.68,13,,0,0.0,0,13,18UC
Mid Devon District Council,E07000042,South West,Signed Off,2956,2956,0,0,89.93,2865,89.93,2865,0.0,0,76.89,4,83.54,784,89.67,1191,95.75,849,101.58,35,108.23,1,103.17,1,0.0,0,0.0,0,0.0,0,0.0,0,0.0,0,0.0,0,0.0,0,0.0,0,129.6,91,129.6,91,0.0,0,0.0,0,93.51,19,126.04,45,157.23,24,190.62,3,0.0,0,0.0,0,0.0,0,0.0,0,0.0,0,0.0,0,0.0,0,0.0,0,0.0,0,0.0,0,0,18UD
Teignbridge District Council,E07000045,South West,Signed Off,46,26,0,20,107.14,11,107.14,11,0.0,0,0.0,0,83.22,3,118.12,6,110.1,2,0.0,0,0.0,0,0.0,0,0.0,0,0.0,0,0.0,0,0.0,0,0.0,0,0.0,0,0.0,0,0.0,0,156.8,15,156.8,15,,0,,0,,0,138.04,8,168.0,5,203.81,2,,0,,0,348.08,20,98.23,5,431.36,15,,0,98.23,5,,0,,0,0.0,0,0,18UH
Eastbourne Borough Council,E07000061,South East,Signed Off,3417,3089,0,299,90.31,2967,90.31,2967,0.0,0,70.96,64,80.37,835,90.95,939,97.56,1077,109.62,48,127.37,2,150.58,2,78.39,292,78.39,292,0.0,0,68.67,65,78.95,166,87.0,60,100.52,1,0.0,0,167.1,122,167.1,122,0.0,0,170.77,1,125.28,46,189.99,70,221.53,4,267.7,1,0.0,0,0.0,0,118.64,7,118.64,7,,0,,0,118.64,7,,0,,0,0.0,0,29,21UC
Lewes District Council,E07000063,South East,Signed Off,3233,2834,0,386,103.29,2737,103.29,2737,0.0,0,73.6,50,84.78,686,101.31,1045,119.43,880,129.49,72,144.57,4,0.0,0,86.14,380,86.14,380,0.0,0,66.57,89,85.99,202,106.01,87,108.65,2,0.0,0,214.04,97,214.04,97,,0,,0,168.7,29,217.94,55,290.35,9,333.12,2,301.84,2,,0,158.47,6,158.47,6,,0,,0,158.47,6,,0,,0,0.0,0,13,21UF
Wealden District Council,E07000065,South East,Signed Off,3093,2585,0,427,99.27,2342,99.27,2342,0.0,0,83.49,6,85.3,715,98.51,823,112.26,766,121.41,30,142.1,1,161.9,1,85.42,360,85.42,360,0.0,0,80.34,2,84.77,341,97.83,15,107.36,2,0.0,0,171.01,243,171.01,243,0.0,0,0.0,0,141.94,94,177.98,100,204.83,44,280.44,5,0.0,0,0.0,0,150.09,67,150.09,67,0.0,0,0.0,0,150.09,67,0.0,0,0.0,0,0.0,0,81,21UH
Basildon District Council,E07000066,East of England,Signed Off,10894,8987,0,1700,101.09,8987,101.09,8987,0.0,0,78.66,476,85.77,2143,101.67,2400,110.6,3559,120.38,386,136.0,21,134.5,2,87.83,1700,87.83,1700,0.0,0,80.01,60,87.35,1516,96.24,115,113.07,9,0.0,0,0.0,0,0.0,0,,0,,0,,0,,0,,0,,0,,0,,0,0.0,0,0.0,0,,0,,0,,0,,0,,0,0.0,0,207,22UB
Brentwood Borough Council,E07000068,East of England,Signed Off,2388,1981,0,393,108.17,1930,108.17,1930,0.0,0,70.32,47,90.52,390,105.09,819,124.17,659,150.26,15,0.0,0,0.0,0,94.72,393,94.72,393,0.0,0,77.06,27,94.18,338,118.23,28,0.0,0,0.0,0,212.47,51,212.47,51,,0,,0,168.24,8,204.5,21,237.5,19,227.76,3,,0,,0,0.0,0,0.0,0,,0,,0,,0,,0,,0,0.0,0,14,22UD
Castle Point Borough Council,E07000069,East of England,Signed Off,1510,1199,0,311,104.28,1181,104.28,1181,0.0,0,81.08,66,92.93,360,105.39,337,116.48,405,127.93,13,0.0,0,0.0,0,87.52,311,88.33,294,73.52,17,81.6,137,93.2,144,105.28,12,104.27,1,0.0,0,211.45,18,211.45,18,0.0,0,0.0,0,0.0,0,205.34,15,241.98,3,0.0,0,0.0,0,0.0,0,0.0,0,0.0,0,0.0,0,0.0,0,0.0,0,0.0,0,0.0,0,0.0,0,0,22UE
Colchester City Council,E07000071,East of England,Signed Off,5991,5398,0,587,100.85,5393,100.85,5393,0.0,0,75.21,138,88.91,1784,100.29,1682,114.61,1690,125.54,94,140.84,4,160.34,1,88.57,587,88.57,587,0.0,0,81.23,64,86.52,411,100.03,110,114.37,2,0.0,0,188.1,5,188.1,5,0.0,0,0.0,0,0.0,0,0.0,0,188.1,5,0.0,0,0.0,0,0.0,0,0.0,0,0.0,0,0.0,0,0.0,0,0.0,0,0.0,0,0.0,0,0.0,0,6,22UG
Epping Forest District Council,E07000072,East of England,Signed Off,6379,5847,0,532,112.06,5651,112.06,5651,0.0,0,86.66,223,97.48,1786,111.98,1710,127.46,1787,141.44,142,157.15,3,0.0,0,97.49,532,97.49,532,0.0,0,89.5,85,98.15,429,116.52,16,142.34,2,0.0,0,234.21,196,234.21,196,0.0,0,0.0,0,176.64,32,223.59,81,266.1,82,322.19,1,0.0,0,0.0,0,0.0,0,0.0,0,0.0,0,0.0,0,0.0,0,0.0,0,0.0,0,0.0,0,0,22UH
Harlow District Council,E07000073,East of England,Signed Off,9055,8505,0,539,104.74,8505,104.74,8505,0.0,0,73.02,393,86.9,1530,103.85,3470,117.28,2775,127.85,312,138.29,25,0.0,0,94.58,539,96.09,521,50.83,18,72.98,2,95.41,500,108.53,8,122.29,11,0.0,0,0.0,0,0.0,0,0.0,0,0.0,0,0.0,0,0.0,0,0.0,0,0.0,0,0.0,0,0.0,0,0.0,0,0.0,0,0.0,0,0.0,0,0.0,0,0.0,0,0.0,0,0.0,0,11,22UJ
Tendring District Council,E07000076,East of England,Signed Off,3122,3122,0,0,92.71,3122,92.71,3122,0.0,0,69.34,264,84.49,925,95.01,1038,105.08,879,124.63,12,123.92,3,141.22,1,0.0,0,0.0,0,0.0,0,0.0,0,0.0,0,0.0,0,0.0,0,0.0,0,0.0,0,0.0,0,0.0,0,0.0,0,0.0,0,0.0,0,0.0,0,0.0,0,0.0,0,0.0,0,0.0,0,0.0,0,0.0,0,0.0,0,0.0,0,0.0,0,0.0,0,0.0,0,0,22UN
Uttlesford District Council,E07000077,East of England,Signed Off,2817,2417,0,400,116.3,2290,116.3,2290,0.0,0,82.58,3,96.39,246,111.31,943,124.59,1047,136.47,50,128.96,1,0.0,0,93.95,332,93.95,332,0.0,0,79.25,12,91.25,246,104.98,72,117.72,2,0.0,0,182.84,127,182.84,127,0.0,0,164.56,5,148.79,36,189.8,64,221.86,19,226.38,3,0.0,0,0.0,0,126.88,68,126.88,68,0.0,0,0.0,0,123.24,61,158.58,7,0.0,0,0.0,0,0,22UQ
Cheltenham Borough Council,E07000078,South West,Signed Off,4559,4034,0,490,93.29,3856,93.29,3856,0.0,0,78.53,7,80.86,899,91.13,1514,102.63,1315,110.93,113,128.15,8,0.0,0,82.86,490,82.86,490,0.0,0,76.58,57,83.37,417,91.95,16,0.0,0,0.0,0,149.12,178,149.12,178,0.0,0,0.0,0,116.07,34,145.0,94,177.37,46,197.61,3,215.92,1,0.0,0,0.0,0,0.0,0,0.0,0,0.0,0,0.0,0,0.0,0,0.0,0,0.0,0,35,23UB
Gloucester City Council,E07000081,South West,Signed Off,0,0,0,0,0.0,0,0.0,0,0.0,0,0.0,0,0.0,0,0.0,0,0.0,0,0.0,0,0.0,0,0.0,0,0.0,0,0.0,0,0.0,0,0.0,0,0.0,0,0.0,0,0.0,0,0.0,0,0.0,0,0.0,0,,0,,0,,0,,0,,0,,0,,0,,0,0.0,0,0.0,0,,0,,0,,0,,0,,0,0.0,0,0,23UE
Stroud District Council,E07000082,South West,Signed Off,4988,4214,0,731,95.82,4044,95.82,4044,0.0,0,73.72,28,83.55,942,94.96,1483,103.75,1523,115.56,66,115.49,1,142.75,1,82.99,705,82.99,705,0.0,0,75.14,85,83.21,555,91.35,65,0.0,0,0.0,0,145.04,170,145.04,170,0.0,0,0.0,0,107.47,42,143.15,73,169.79,46,203.29,8,0.0,0,255.7,1,116.14,26,116.14,26,0.0,0,0.0,0,106.57,20,148.05,6,0.0,0,0.0,0,43,23UF
Fareham Borough Council,E07000087,South East,Signed Off,2426,1702,14,653,106.14,1656,106.43,1642,72.7,14,75.1,88,90.07,356,101.52,528,122.5,634,133.39,35,144.1,1,0.0,0,91.8,561,91.8,561,0.0,0,78.13,15,91.96,539,108.03,6,114.25,1,0.0,0,157.18,60,157.18,60,0.0,0,0.0,0,127.48,22,162.36,20,169.19,15,250.29,1,295.49,2,0.0,0,160.65,92,160.65,92,0.0,0,0.0,0,149.42,60,181.7,32,0.0,0,0.0,0,57,24UE
Gosport Borough Council,E07000088,South East,Signed Off,3063,3063,0,0,88.05,3019,88.05,3019,0.0,0,120.91,52,79.31,1477,89.83,506,97.89,901,104.94,78,109.02,5,0.0,0,0.0,0,0.0,0,0.0,0,0.0,0,0.0,0,0.0,0,0.0,0,0.0,0,163.39,44,163.39,44,0.0,0,0.0,0,138.46,1,150.39,27,181.76,13,209.11,3,0.0,0,0.0,0,0.0,0,0.0,0,0.0,0,0.0,0,0.0,0,0.0,0,0.0,0,0.0,0,0,24UF
New Forest District Council,E07000091,South East,Signed Off,5237,5158,70,0,113.5,5174,113.79,5104,92.7,70,74.71,180,95.84,1184,113.41,1644,126.75,1945,137.34,137,142.4,11,166.75,3,0.0,0,0.0,0,0.0,0,0.0,0,0.0,0,0.0,0,0.0,0,0.0,0,176.06,54,176.06,54,,0,,0,137.04,11,178.24,30,204.13,12,203.07,1,,0,,0,0.0,0,0.0,0,,0,,0,,0,,0,,0,0.0,0,9,24UJ
Winchester City Council,E07000094,South East,Signed Off,5202,4612,0,513,115.99,4418,115.99,4418,0.0,0,88.98,83,100.39,1210,115.01,1580,130.19,1476,140.08,67,161.98,1,159.21,1,99.99,469,99.99,469,0.0,0,83.53,25,99.33,390,111.69,53,150.0,1,0.0,0,182.27,194,182.27,194,,0,,0,140.12,50,177.39,72,213.24,62,236.25,7,238.27,2,230.19,1,164.28,44,164.28,44,,0,,0,151.91,30,190.79,14,,0,0.0,0,77,24UP
Dacorum Borough Council,E07000096,East of England,Signed Off,10188,8291,0,1896,126.19,8291,126.19,8291,0.0,0,90.47,241,105.3,1069,120.46,2698,135.99,3855,145.89,417,155.19,8,170.43,3,96.5,1896,96.5,1896,0.0,0,0.0,0,96.27,1847,104.41,43,110.45,6,0.0,0,0.0,0,0.0,0,,0,,0,,0,,0,,0,,0,,0,,0,0.0,0,0.0,0,,0,,0,,0,,0,,0,0.0,0,1,26UC
East Hertfordshire District Council,E07000242,East of England,Signed Off,0,0,0,0,0.0,0,0.0,0,0.0,0,0.0,0,0.0,0,0.0,0,0.0,0,0.0,0,0.0,0,0.0,0,0.0,0,0.0,0,0.0,0,0.0,0,0.0,0,0.0,0,0.0,0,0.0,0,0.0,0,0.0,0,0.0,0,0.0,0,0.0,0,0.0,0,0.0,0,0.0,0,0.0,0,0.0,0,0.0,0,0.0,0,0.0,0,0.0,0,0.0,0,0.0,0,0.0,0,0.0,0,0,26UD
St Albans City and District Council,E07000240,East of England,Signed Off,4819,4819,0,0,118.66,4819,118.66,4819,0.0,0,78.32,50,100.56,1353,115.18,1417,133.57,1907,149.88,83,154.72,6,176.55,3,0.0,0,0.0,0,0.0,0,0.0,0,0.0,0,0.0,0,0.0,0,0.0,0,0.0,0,0.0,0,,0,,0,,0,,0,,0,,0,,0,,0,0.0,0,0.0,0,,0,,0,,0,,0,,0,0.0,0,0,26UG
Stevenage Borough Council,E07000243,East of England,Signed Off,7923,6853,0,990,112.71,6788,112.71,6788,0.0,0,78.75,296,93.1,1192,109.89,1893,122.43,3001,135.23,355,143.81,47,152.84,4,96.89,990,98.31,928,75.49,62,81.98,101,98.33,737,114.5,68,122.76,22,0.0,0,172.5,65,172.5,65,0.0,0,0.0,0,144.43,21,181.37,40,221.61,3,259.59,1,0.0,0,0.0,0,0.0,0,0.0,0,0.0,0,0.0,0,0.0,0,0.0,0,0.0,0,0.0,0,80,26UH
Welwyn Hatfield Borough Council,E07000241,East of England,Signed Off,8845,7168,0,1669,123.77,7168,123.77,7168,0.0,0,85.43,135,98.87,1037,117.97,1865,132.81,3814,146.11,301,162.53,13,168.12,3,114.85,1669,114.85,1669,0.0,0,97.25,4,105.57,825,124.01,836,132.87,4,0.0,0,0.0,0,0.0,0,,0,,0,,0,,0,,0,,0,,0,,0,0.0,0,0.0,0,,0,,0,,0,,0,,0,0.0,0,8,26UL
Ashford Borough Council,E07000105,South East,Signed Off,5162,4743,0,400,102.75,4081,102.75,4081,0.0,0,66.97,29,88.99,1005,101.33,1373,112.47,1509,114.81,160,0.0,0,149.92,5,90.98,210,90.98,210,0.0,0,69.15,4,88.01,173,108.09,29,117.05,4,0.0,0,158.41,662,158.41,662,0.0,0,0.0,0,133.6,68,149.2,341,175.78,239,206.9,12,214.02,1,194.67,1,150.23,190,150.23,190,0.0,0,0.0,0,143.44,135,166.9,55,0.0,0,0.0,0,19,29UB
Canterbury City Council,E07000106,South East,Signed Off,5071,4465,22,584,103.15,4470,103.22,4448,88.41,22,82.97,247,88.09,1110,102.58,1535,116.59,1442,133.76,105,135.62,9,0.0,0,88.92,584,88.92,584,0.0,0,76.04,122,88.65,349,103.46,111,113.7,2,0.0,0,177.54,17,177.54,17,0.0,0,0.0,0,136.93,2,174.31,10,181.06,4,0.0,0,276.92,1,0.0,0,0.0,0,0.0,0,0.0,0,0.0,0,0.0,0,0.0,0,0.0,0,0.0,0,0,29UC
Dartford Borough Council,E07000107,South East,Signed Off,4216,3772,0,444,93.4,3636,93.4,3636,0.0,0,71.02,11,78.74,1052,91.7,1117,105.08,1400,114.56,54,143.02,1,129.83,1,85.57,444,85.57,444,0.0,0,0.0,0,85.43,438,94.59,5,99.63,1,0.0,0,153.63,136,153.63,136,0.0,0,0.0,0,123.19,45,160.9,60,180.2,27,207.34,3,0.0,0,208.84,1,0.0,0,0.0,0,0.0,0,0.0,0,0.0,0,0.0,0,0.0,0,0.0,0,0,29UD
Dover District Council,E07000108,South East,Signed Off,4438,4404,0,0,96.54,4330,96.54,4330,0.0,0,71.76,42,86.44,976,94.88,1877,105.6,1346,116.09,84,133.97,5,0.0,0,0.0,0,0.0,0,0.0,0,0.0,0,0.0,0,0.0,0,0.0,0,0.0,0,139.89,74,139.89,74,0.0,0,0.0,0,100.11,23,133.59,22,173.92,27,207.12,1,207.12,1,0.0,0,0.0,0,0.0,0,0.0,0,0.0,0,0.0,0,0.0,0,0.0,0,0.0,0,34,29UE
Gravesham Borough Council,E07000109,South East,Signed Off,5673,5063,0,610,107.16,4888,107.16,4888,0.0,0,75.35,52,88.71,1296,106.29,1121,117.27,2203,126.43,190,130.81,26,0.0,0,91.03,610,91.03,610,0.0,0,82.31,35,91.08,557,106.32,18,0.0,0,0.0,0,184.81,175,184.81,175,,0,,0,158.81,52,184.78,84,218.52,36,231.75,3,,0,,0,0.0,0,0.0,0,,0,,0,,0,,0,,0,0.0,0,0,29UG
Maidstone Borough Council,E07000110,South East,Signed Off,6,6,0,0,0.0,0,0.0,0,0.0,0,0.0,0,0.0,0,0.0,0,0.0,0,0.0,0,0.0,0,0.0,0,0.0,0,0.0,0,0.0,0,0.0,0,0.0,0,0.0,0,0.0,0,0.0,0,254.24,6,254.24,6,,0,,0,,0,,0,237.53,4,287.67,2,,0,,0,0.0,0,0.0,0,,0,,0,,0,,0,,0,0.0,0,0,29UH
Folkestone and Hythe District Council,E07000112,South East,Signed Off,3413,2384,0,1010,100.08,2231,100.08,2231,0.0,0,68.28,12,85.19,280,96.6,950,107.35,923,117.31,64,124.16,2,0.0,0,86.99,1010,86.99,1010,0.0,0,72.57,133,87.26,699,96.7,178,0.0,0,0.0,0,136.36,153,136.36,153,,0,0.0,0,98.28,37,132.35,76,174.61,36,220.35,4,0.0,0,0.0,0,0.0,0,0.0,0,,0,0.0,0,0.0,0,0.0,0,0.0,0,0.0,0,19,29UL
Thanet District Council,E07000114,South East,Signed Off,3088,3080,0,0,92.13,2879,92.13,2879,0.0,0,64.61,79,76.38,543,90.53,1311,104.73,862,115.47,83,126.04,1,0.0,0,0.0,0,0.0,0,0.0,0,0.0,0,0.0,0,0.0,0,0.0,0,0.0,0,138.62,201,138.62,201,0.0,0,97.68,1,94.23,39,131.46,82,164.48,61,182.09,18,0.0,0,0.0,0,0.0,0,0.0,0,0.0,0,0.0,0,0.0,0,0.0,0,0.0,0,0.0,0,8,29UN
Tonbridge and Malling Borough Council,E07000115,South East,Signed Off,0,0,0,0,0.0,0,0.0,0,0.0,0,0.0,0,0.0,0,0.0,0,0.0,0,0.0,0,0.0,0,0.0,0,0.0,0,0.0,0,0.0,0,0.0,0,0.0,0,0.0,0,0.0,0,0.0,0,0.0,0,0.0,0,0.0,0,0.0,0,0.0,0,0.0,0,0.0,0,0.0,0,0.0,0,0.0,0,0.0,0,0.0,0,0.0,0,0.0,0,0.0,0,0.0,0,0.0,0,0.0,0,0,29UP
Chorley Council,E07000118,North West,Signed Off,177,152,0,25,0.0,0,0.0,0,0.0,0,0.0,0,0.0,0,0.0,0,0.0,0,0.0,0,0.0,0,0.0,0,0.0,0,0.0,0,0.0,0,0.0,0,0.0,0,0.0,0,0.0,0,0.0,0,148.26,152,148.26,152,,0,,0,144.02,107,176.12,29,118.9,14,133.75,1,,0,219.23,1,195.5,25,195.5,25,,0,195.5,25,,0,,0,,0,0.0,0,0,30UE
Lancaster City Council,E07000121,North West,Signed Off,3617,3031,0,585,84.25,3031,84.25,3031,0.0,0,73.99,15,76.11,737,82.1,1074,90.81,1115,96.55,86,101.12,3,113.96,1,79.68,585,79.68,585,0.0,0,70.03,69,80.1,461,88.26,55,0.0,0,0.0,0,0.0,0,0.0,0,0.0,0,0.0,0,0.0,0,0.0,0,0.0,0,0.0,0,0.0,0,0.0,0,0.0,0,0.0,0,0.0,0,0.0,0,0.0,0,0.0,0,0.0,0,0.0,0,1,30UH
Ribble Valley Borough Council,E07000124,North West,Signed Off,10,1,0,9,0.0,0,0.0,0,0.0,0,0.0,0,0.0,0,0.0,0,0.0,0,0.0,0,0.0,0,0.0,0,74.19,9,78.61,6,65.35,3,77.96,4,71.53,1,88.27,1,0.0,0,0.0,0,107.79,1,107.79,1,0.0,0,0.0,0,0.0,0,107.79,1,0.0,0,0.0,0,0.0,0,0.0,0,0.0,0,0.0,0,,0,,0,,0,,0,,0,0.0,0,0,30UL
Rossendale Borough Council,E07000125,North West,Signed Off,19,1,0,18,109.32,1,109.32,1,0.0,0,0.0,0,0.0,0,109.32,1,0.0,0,0.0,0,0.0,0,0.0,0,100.68,18,103.04,14,92.4,4,92.4,7,92.4,3,0.0,0,129.64,4,0.0,0,0.0,0,0.0,0,0.0,0,0.0,0,0.0,0,0.0,0,0.0,0,0.0,0,0.0,0,0.0,0,0.0,0,0.0,0,0.0,0,0.0,0,0.0,0,0.0,0,0.0,0,0.0,0,0,30UM
West Lancashire Borough Council,E07000127,North West,Signed Off,5825,4739,0,1085,87.25,4480,87.25,4480,0.0,0,63.76,45,73.35,809,83.64,1141,92.91,2165,98.58,242,105.55,78,0.0,0,81.82,1085,81.82,1085,0.0,0,0.0,0,81.5,1050,89.22,23,95.52,12,0.0,0,116.67,259,116.67,259,,0,,0,95.1,41,115.56,142,129.42,73,153.34,3,,0,,0,0.0,0,0.0,0,,0,,0,,0,,0,,0,0.0,0,1,30UP
Charnwood Borough Council,E07000130,East Midlands,Signed Off,5444,5013,0,431,85.39,5013,85.39,5013,0.0,0,59.96,133,76.03,2040,85.3,831,95.95,1876,105.42,127,116.38,4,115.11,2,69.61,431,69.61,431,0.0,0,60.51,161,73.92,247,85.62,20,96.75,3,0.0,0,0.0,0,0.0,0,,0,,0,,0,,0,,0,,0,,0,,0,0.0,0,0.0,0,,0,,0,,0,,0,,0,0.0,0,0,31UC
Hinckley and Bosworth Borough Council,E07000132,East Midlands,Signed Off,3197,2805,0,390,87.59,2732,87.59,2732,0.0,0,0.0,0,76.76,532,86.59,1045,93.39,1136,99.11,17,96.09,2,0.0,0,73.42,363,73.42,363,0.0,0,71.29,33,72.58,286,80.45,44,0.0,0,0.0,0,121.7,73,121.7,73,0.0,0,0.0,0,97.93,21,126.32,35,139.34,15,157.98,2,0.0,0,0.0,0,94.13,27,94.13,27,0.0,0,0.0,0,94.13,27,0.0,0,0.0,0,0.0,0,2,31UE
Melton Borough Council,E07000133,East Midlands,Signed Off,1781,1562,0,219,87.8,1541,87.8,1541,0.0,0,62.88,10,75.75,414,87.58,512,96.05,568,105.86,37,0.0,0,0.0,0,77.76,219,77.76,219,0.0,0,64.21,14,77.08,174,87.73,31,0.0,0,0.0,0,124.25,21,124.25,21,0.0,0,0.0,0,89.69,1,121.24,11,131.78,9,0.0,0,0.0,0,0.0,0,0.0,0,0.0,0,0.0,0,0.0,0,0.0,0,0.0,0,0.0,0,0.0,0,0,31UG
North West Leicestershire District Council,E07000134,East Midlands,Signed Off,4102,3187,0,915,93.55,3055,93.55,3055,0.0,0,61.49,39,71.91,239,85.6,863,99.98,1765,106.4,144,108.89,5,0.0,0,76.71,915,76.71,915,0.0,0,63.97,18,72.41,608,86.43,280,90.32,9,0.0,0,123.45,132,123.45,132,0.0,0,0.0,0,97.56,28,125.38,73,137.89,29,205.97,2,0.0,0,0.0,0,0.0,0,0.0,0,0.0,0,0.0,0,0.0,0,0.0,0,0.0,0,0.0,0,0,31UH
Oadby and Wigston Borough Council,E07000135,East Midlands,Signed Off,1180,1048,0,132,88.8,1048,88.8,1048,0.0,0,65.49,24,78.6,243,87.13,308,95.95,459,108.01,14,0.0,0,0.0,0,79.11,132,79.11,132,0.0,0,68.2,20,78.58,68,84.9,44,0.0,0,0.0,0,0.0,0,0.0,0,,0,,0,,0,,0,,0,,0,,0,,0,0.0,0,0.0,0,,0,,0,,0,,0,,0,0.0,0,0,31UJ
City of Lincoln Council,E07000138,East Midlands,Signed Off,7793,7328,0,465,78.01,6951,78.01,6951,0.0,0,0.0,0,69.95,2670,79.48,2580,87.94,1575,93.77,115,97.69,4,107.04,7,73.47,395,73.47,395,0.0,0,0.0,0,71.82,351,84.81,36,94.84,8,0.0,0,129.38,377,129.38,377,,0,,0,116.35,64,125.09,150,134.02,127,152.34,35,212.31,1,,0,234.89,70,234.89,70,,0,,0,230.6,50,245.62,20,,0,0.0,0,0,32UD
North Kesteven District Council,E07000139,East Midlands,Signed Off,3890,3880,10,0,86.07,3614,86.13,3604,63.02,10,0.0,0,73.44,389,84.24,1922,92.39,1243,102.19,50,0.0,0,0.0,0,0.0,0,0.0,0,0.0,0,0.0,0,0.0,0,0.0,0,0.0,0,0.0,0,122.11,276,122.11,276,0.0,0,0.0,0,96.3,63,120.4,151,151.66,59,168.79,3,0.0,0,0.0,0,0.0,0,0.0,0,0.0,0,0.0,0,0.0,0,0.0,0,0.0,0,0.0,0,0,32UE
South Holland District Council,E07000140,East Midlands,Signed Off,3815,2743,0,1040,89.99,2630,89.99,2630,0.0,0,0.0,0,76.09,168,86.25,1040,94.26,1405,101.62,15,117.34,1,111.69,1,79.28,1034,79.09,1025,100.71,9,0.0,0,74.74,615,85.61,410,0.0,0,0.0,0,126.6,113,126.6,113,0.0,0,0.0,0,100.85,28,128.59,62,149.59,20,172.6,3,0.0,0,0.0,0,100.11,6,100.11,6,0.0,0,0.0,0,100.11,6,0.0,0,0.0,0,0.0,0,32,32UF
South Kesteven District Council,E07000141,East Midlands,Signed Off,5892,4745,0,1095,91.84,4715,91.84,4715,0.0,0,66.09,6,77.78,281,87.71,1920,96.37,2378,101.42,121,96.69,1,102.25,8,81.76,1095,81.76,1095,0.0,0,63.86,23,77.44,483,85.94,581,94.92,7,63.92,1,116.61,30,116.61,30,0.0,0,0.0,0,106.98,22,128.22,6,187.66,2,0.0,0,0.0,0,0.0,0,0.0,0,0.0,0,0.0,0,0.0,0,0.0,0,0.0,0,0.0,0,0.0,0,52,32UG
Great Yarmouth Borough Council,E07000145,East of England,Signed Off,5754,4797,0,957,83.84,4691,83.84,4691,0.0,0,65.52,82,73.16,955,82.89,1814,90.77,1774,99.78,63,107.96,1,145.61,2,81.77,955,81.77,955,0.0,0,68.25,18,79.72,788,94.23,148,101.06,1,0.0,0,122.98,106,122.98,106,0.0,0,0.0,0,109.05,30,117.23,47,127.69,19,182.67,7,183.11,3,0.0,0,92.0,2,92.0,2,0.0,0,0.0,0,92.0,2,0.0,0,0.0,0,0.0,0,0,33UD
Norwich City Council,E07000148,East of England,Signed Off,14211,13285,2,924,86.89,13287,86.89,13285,66.29,2,66.04,70,77.61,2527,84.13,4935,92.9,5303,100.41,401,111.9,38,114.42,11,81.4,924,81.4,924,0.0,0,0.0,0,81.0,850,86.03,73,85.06,1,0.0,0,0.0,0,0.0,0,,0,,0,,0,,0,,0,,0,,0,,0,0.0,0,0.0,0,,0,,0,,0,,0,,0,0.0,0,0,33UG
Ashfield District Council,E07000170,East Midlands,Signed Off,6680,5044,2,1634,79.55,4862,79.56,4860,61.25,2,59.98,61,68.8,987,76.87,1354,85.67,2394,92.69,64,0.0,0,0.0,0,76.99,1634,76.99,1634,0.0,0,61.62,83,73.55,859,83.0,680,88.01,11,107.23,1,125.12,184,125.12,184,0.0,0,0.0,0,106.28,12,118.77,100,136.12,68,153.27,4,0.0,0,0.0,0,0.0,0,0.0,0,0.0,0,0.0,0,0.0,0,0.0,0,0.0,0,0.0,0,0,37UB
Bassetlaw District Council,E07000171,East Midlands,Signed Off,6542,6434,0,108,83.65,6318,83.65,6318,0.0,0,65.35,60,74.45,1630,84.68,2600,89.78,1915,97.92,110,108.79,2,117.42,1,77.85,66,77.85,66,0.0,0,0.0,0,77.57,57,79.59,9,0.0,0,0.0,0,100.53,116,100.53,116,0.0,0,0.0,0,87.71,19,98.07,43,105.87,45,109.88,8,135.18,1,0.0,0,191.36,42,191.36,42,0.0,0,0.0,0,182.7,28,208.68,14,0.0,0,0.0,0,0,37UC
Broxtowe Borough Council,E07000172,East Midlands,Signed Off,4364,3247,0,1117,78.82,3247,78.82,3247,0.0,0,63.81,9,71.61,726,77.93,1282,83.82,1173,90.04,56,0.0,0,109.64,1,73.45,1117,73.45,1117,0.0,0,0.0,0,72.25,921,78.65,187,88.23,9,0.0,0,0.0,0,0.0,0,,0,,0,,0,,0,,0,,0,,0,,0,0.0,0,0.0,0,,0,,0,,0,,0,,0,0.0,0,0,37UD
Mansfield District Council,E07000174,East Midlands,Signed Off,6321,4221,0,2084,84.04,4177,84.04,4177,0.0,0,65.11,32,72.64,1008,83.1,1316,90.99,1710,96.89,109,100.62,2,0.0,0,84.66,1943,84.66,1943,0.0,0,67.85,14,81.78,1295,90.4,605,100.71,26,107.41000000000001,3,113.54,44,113.54,44,0.0,0,0.0,0,91.11,8,112.65,23,128.92,13,0.0,0,0.0,0,0.0,0,131.46,141,131.46,141,0.0,0,0.0,0,122.53,41,135.12,100,0.0,0,0.0,0,16,37UF
Newark and Sherwood District Council,E07000175,East Midlands,Signed Off,5603,2938,0,2665,89.09,2678,89.09,2678,0.0,0,65.68,7,72.31,134,80.51,564,92.23,1848,100.33,119,105.8,6,0.0,0,85.43,2525,85.43,2525,0.0,0,62.61,2,79.97,1069,89.42,1442,96.58,12,0.0,0,108.7,260,108.7,260,,0,,0,96.81,121,116.85,122,134.8,17,,0,,0,,0,176.51,140,176.51,140,,0,,0,183.4,84,166.18,56,,0,0.0,0,0,37UG
Cherwell District Council,E07000177,South East,Signed Off,240,84,4,51,0.0,0,0.0,0,0.0,0,0.0,0,0.0,0,0.0,0,0.0,0,0.0,0,0.0,0,0.0,0,0.0,0,0.0,0,0.0,0,0.0,0,0.0,0,0.0,0,0.0,0,0.0,0,142.67,88,145.56,84,81.9,4,,0,127.41,49,167.71,30,190.6,5,,0,,0,,0,202.91,51,278.01,24,136.16,27,219.6,2,283.32,22,,0,,0,0.0,0,101,38UB
Oxford City Council,E07000178,South East,Signed Off,7869,7803,0,0,120.14,7737,120.14,7737,0.0,0,77.39,163,103.0,1787,117.46,2574,132.88,2920,143.97,258,149.86,29,169.48,6,0.0,0,0.0,0,0.0,0,0.0,0,0.0,0,0.0,0,0.0,0,0.0,0,215.01,66,215.01,66,0.0,0,0.0,0,170.79,9,201.2,27,240.71,30,0.0,0,0.0,0,0.0,0,0.0,0,0.0,0,0.0,0,0.0,0,0.0,0,0.0,0,0.0,0,0.0,0,66,38UC
Cannock Chase District Council,E07000192,West Midlands,Signed Off,5032,4938,0,94,83.58,4787,83.58,4787,0.0,0,0.0,0,76.04,1961,86.24,1341,90.88,1433,98.31,51,95.7,1,0.0,0,71.76,94,71.76,94,0.0,0,68.42,56,75.92,35,85.68,3,0.0,0,0.0,0,97.97,151,97.97,151,0.0,0,0.0,0,82.0,28,97.71,88,108.78,27,120.31,8,0.0,0,0.0,0,0.0,0,0.0,0,0.0,0,0.0,0,0.0,0,0.0,0,0.0,0,0.0,0,0,41UB
Tamworth Borough Council,E07000199,West Midlands,Signed Off,4278,4258,0,20,92.19,4019,92.19,4019,0.0,0,72.72,25,80.96,1162,89.95,1002,99.87,1683,111.22,138,118.04,8,123.66,1,90.07,20,90.07,20,0.0,0,0.0,0,78.69,4,92.91,16,0.0,0,0.0,0,135.78,239,135.78,239,0.0,0,0.0,0,111.61,49,135.25,137,155.87,45,179.03,6,181.93,2,0.0,0,0.0,0,0.0,0,0.0,0,0.0,0,0.0,0,0.0,0,0.0,0,0.0,0,0,41UK
Babergh District Council,E07000200,East of England,Signed Off,3574,3234,21,260,103.15,3034,103.27,3013,84.72,21,75.5,8,91.7,531,103.29,1203,107.75,1207,117.19,62,129.43,1,161.74,1,90.9,260,90.9,260,0.0,0,71.27,2,88.06,205,102.59,52,105.45,1,0.0,0,144.72,221,144.72,221,0.0,0,0.0,0,117.3,59,147.51,111,170.37,51,0.0,0,0.0,0,0.0,0,0.0,0,0.0,0,0.0,0,0.0,0,0.0,0,0.0,0,0.0,0,0.0,0,59,42UB
Ipswich Borough Council,E07000202,East of England,Signed Off,7776,7776,0,0,93.56,7736,93.56,7736,0.0,0,71.11,35,78.78,2117,91.54,2089,103.53,3344,112.09,144,139.67,6,131.57,1,0.0,0,0.0,0,0.0,0,0.0,0,0.0,0,0.0,0,0.0,0,0.0,0,134.17,40,134.17,40,,0,,0,112.77,12,139.8,24,164.55,4,,0,,0,,0,0.0,0,0.0,0,,0,,0,,0,,0,,0,0.0,0,0,42UD
Mid Suffolk District Council,E07000203,East of England,Signed Off,3445,3068,22,280,95.66,2819,95.64,2797,98.69,22,73.24,4,80.81,600,94.61,1075,104.37,1088,115.15,30,0.0,0,0.0,0,80.07,280,80.07,280,0.0,0,73.52,1,79.19,261,93.22,18,0.0,0,0.0,0,139.0,271,139.0,271,0.0,0,0.0,0,114.99,46,139.15,157,154.15,67,205.97,1,0.0,0,0.0,0,0.0,0,0.0,0,0.0,0,0.0,0,0.0,0,0.0,0,0.0,0,0.0,0,75,42UE
Guildford Borough Council,E07000209,South East,Signed Off,5229,4990,0,46,124.21,4787,124.21,4787,0.0,0,96.28,293,105.54,1410,126.06,1447,143.07,1562,154.32,71,164.49,2,189.91,2,114.98,46,116.14,41,105.49,5,113.28,27,121.65,14,0.0,0,0.0,0,0.0,0,196.78,203,196.78,203,0.0,0,129.23,1,163.24,62,202.51,87,225.64,49,255.49,4,0.0,0,0.0,0,0.0,0,0.0,0,0.0,0,0.0,0,0.0,0,0.0,0,0.0,0,0.0,0,193,43UD
Mole Valley District Council,E07000210,South East,Signed Off,1,1,0,0,0.0,0,0.0,0,0.0,0,0.0,0,0.0,0,0.0,0,0.0,0,0.0,0,0.0,0,0.0,0,0.0,0,0.0,0,0.0,0,0.0,0,0.0,0,0.0,0,0.0,0,0.0,0,142.0,1,142.0,1,0.0,0,0.0,0,0.0,0,142.0,1,0.0,0,0.0,0,0.0,0,0.0,0,0.0,0,0.0,0,0.0,0,0.0,0,0.0,0,0.0,0,0.0,0,0.0,0,0,43UE
Runnymede Borough Council,E07000212,South East,Signed Off,2876,2626,8,208,126.24,2587,126.24,2587,0.0,0,82.95,14,106.22,693,125.36,706,137.4,1040,149.98,119,170.43,14,185.9,1,97.18,208,97.18,208,0.0,0,72.6,25,99.95,175,113.51,8,0.0,0,0.0,0,200.25,47,219.15,39,108.07,8,151.85,2,175.78,4,220.71,26,256.29,5,260.15,2,,0,,0,0.0,0,0.0,0,,0,,0,,0,,0,,0,0.0,0,34,43UG
Tandridge District Council,E07000215,South East,Signed Off,2601,2259,0,342,113.34,2170,113.34,2170,0.0,0,83.67,85,93.92,639,110.69,653,133.88,750,141.63,40,157.8,3,0.0,0,96.58,320,96.56,315,98.08,5,84.19,19,97.16,287,103.39,9,0.0,0,0.0,0,226.52,89,226.52,89,,0,,0,173.73,9,213.14,44,250.58,33,273.51,2,402.45,1,,0,181.94,22,181.94,22,,0,,0,181.94,22,,0,,0,0.0,0,0,43UK
Waverley Borough Council,E07000216,South East,Signed Off,4801,4746,0,0,125.7,4664,125.7,4664,0.0,0,93.22,56,109.14,1744,125.68,1342,145.55,1482,156.69,37,174.81,1,184.46,2,0.0,0,0.0,0,0.0,0,0.0,0,0.0,0,0.0,0,0.0,0,0.0,0,205.36,82,205.36,82,,0,,0,160.82,24,214.48,42,248.21,16,,0,,0,,0,0.0,0,0.0,0,,0,,0,,0,,0,,0,0.0,0,55,43UL
Woking Borough Council,E07000217,South East,Signed Off,3371,2940,0,361,122.08,2922,122.08,2922,0.0,0,106.56,175,105.99,824,119.42,789,136.97,1058,151.92,70,161.2,6,0.0,0,105.0,361,105.0,361,0.0,0,88.14,53,107.37,298,123.67,10,0.0,0,0.0,0,254.76,18,254.76,18,0.0,0,160.99,3,211.41,5,270.87,1,137.37,1,339.56,5,313.23,3,0.0,0,0.0,0,0.0,0,0.0,0,0.0,0,0.0,0,0.0,0,0.0,0,0.0,0,70,43UM
North Warwickshire Borough Council,E07000218,West Midlands,Signed Off,2575,2575,0,0,96.41,2487,96.41,2487,0.0,0,0.0,0,87.16,773,97.13,803,102.94,861,115.27,50,0.0,0,0.0,0,0.0,0,0.0,0,0.0,0,0.0,0,0.0,0,0.0,0,0.0,0,0.0,0,129.47,88,129.47,88,0.0,0,0.0,0,107.02,11,129.86,65,147.92,12,0.0,0,0.0,0,0.0,0,0.0,0,0.0,0,0.0,0,0.0,0,0.0,0,0.0,0,0.0,0,0.0,0,0,44UB
Nuneaton And Bedworth Borough Council,E07000219,West Midlands,Signed Off,5619,5619,0,0,88.49,5540,88.49,5540,0.0,0,69.87,336,79.9,1663,88.85,1629,98.51,1814,106.55,90,110.05,8,0.0,0,0.0,0,0.0,0,0.0,0,0.0,0,0.0,0,0.0,0,0.0,0,0.0,0,116.03,79,116.03,79,0.0,0,0.0,0,103.36,24,115.63,40,136.38,13,143.82,2,0.0,0,0.0,0,0.0,0,0.0,0,0.0,0,0.0,0,0.0,0,0.0,0,0.0,0,0.0,0,0,44UC
Rugby Borough Council,E07000220,West Midlands,Signed Off,3466,2227,0,1232,100.79,2210,100.79,2210,0.0,0,0.0,0,86.09,354,98.19,720,106.45,1086,116.92,45,139.73,5,0.0,0,90.35,1232,90.35,1232,0.0,0,75.74,1,86.97,918,100.3,313,0.0,0,0.0,0,161.85,17,161.85,17,,0,,0,,0,148.65,8,173.58,9,,0,,0,,0,0.0,0,0.0,0,,0,,0,,0,,0,,0,0.0,0,7,44UD
Warwick District Council,E07000222,West Midlands,Signed Off,5584,5530,0,13,104.44,5370,104.44,5370,0.0,0,73.92,63,94.69,1470,102.53,1913,114.31,1857,127.03,63,147.73,4,0.0,0,85.52,13,85.52,13,0.0,0,80.75,6,89.61,7,0.0,0,0.0,0,0.0,0,186.52,160,186.52,160,0.0,0,0.0,0,136.24,36,170.51,70,229.95,44,288.46,10,0.0,0,0.0,0,0.0,0,0.0,0,0.0,0,0.0,0,0.0,0,0.0,0,0.0,0,0.0,0,41,44UF
Adur District Council,E07000223,South East,Signed Off,2650,2378,0,272,105.77,2378,105.77,2378,0.0,0,78.34,139,93.94,571,105.44,884,119.22,750,127.65,33,147.83,1,0.0,0,97.0,272,97.0,272,0.0,0,84.37,22,97.61,242,110.15,6,123.29,2,0.0,0,0.0,0,0.0,0,0.0,0,0.0,0,0.0,0,0.0,0,0.0,0,0.0,0,0.0,0,0.0,0,0.0,0,0.0,0,,0,,0,,0,,0,,0,0.0,0,0,45UB
Arun District Council,E07000224,South East,Signed Off,3448,2700,13,691,106.56,2624,106.68,2611,83.63,13,78.45,10,91.84,702,106.87,897,116.58,946,126.46,50,134.55,6,0.0,0,87.82,691,87.82,691,0.0,0,77.76,159,90.46,515,100.95,15,108.48,2,0.0,0,176.98,89,176.98,89,,0,,0,136.23,13,179.42,71,248.23,5,,0,,0,,0,0.0,0,0.0,0,,0,,0,,0,,0,,0,0.0,0,44,45UC
Crawley Borough Council,E07000226,South East,Signed Off,8191,7516,0,560,119.54,7235,119.54,7235,0.0,0,83.5,68,98.58,1167,114.99,2245,128.65,3500,139.58,248,154.85,7,0.0,0,102.56,560,102.56,560,0.0,0,0.0,0,98.83,364,109.52,195,104.04,1,0.0,0,202.36,281,202.36,281,0.0,0,0.0,0,171.33,88,211.44,164,242.19,28,328.13,1,0.0,0,0.0,0,0.0,0,0.0,0,0.0,0,0.0,0,0.0,0,0.0,0,0.0,0,0.0,0,115,45UE
Redditch Borough Council,E07000236,West Midlands,Signed Off,5552,5498,0,54,89.26,5402,89.26,5402,0.0,0,68.05,119,80.29,1996,89.84,1369,98.84,1765,105.55,131,113.1,19,140.56,3,81.53,54,81.53,54,0.0,0,0.0,0,80.71,51,95.43,3,0.0,0,0.0,0,138.9,96,138.9,96,0.0,0,,0,122.23,7,135.5,27,140.67,54,158.78,7,112.43,1,0.0,0,0.0,0,0.0,0,0.0,0,0.0,0,0.0,0,0.0,0,0.0,0,0.0,0,0,47UD
