DeliveryID,OrderID,DeliveryDate,VehicleID,DriverID,DeliveryStatus,ActualDeliveryTime,TemperatureLog,DeliveryNotes
1,1,2023-04-22 14:00:00,5,9,Delivered,2023-04-22 14:30:00,5.779855887492904,Delivery completed
2,2,2023-05-10 16:00:00,1,10,Delivered,2023-05-10 16:58:00,7.681817311088972,Delivery completed
3,3,2023-07-18 23:00:00,1,1,Delivered,2023-07-18 23:16:00,6.297739496923449,Delivery completed
4,4,2023-01-05 10:00:00,2,8,Delivered,2023-01-05 11:13:00,7.346201370180242,Delivery completed
5,5,2023-03-02 13:00:00,2,5,Failed,2023-03-02 13:11:00,2.2111206101468515,Delivery completed
6,6,2023-07-29 00:00:00,5,5,Delivered,2023-07-29 00:31:00,5.777071432694575,Delivery completed
7,7,2023-06-28 05:00:00,4,9,Failed,2023-06-28 06:49:00,3.4114177969781143,Delivery completed
8,8,2023-05-01 01:00:00,2,5,Delivered,2023-05-01 01:31:00,5.540892753315936,Delivery completed
9,9,2023-09-23 06:00:00,3,10,Delivered,2023-09-23 07:48:00,2.3897919954039963,Delivery completed
10,10,2023-05-13 12:00:00,3,6,Delivered,2023-05-13 12:45:00,3.68361826858606,Delivery completed
11,11,2023-03-27 09:00:00,4,10,Delivered,2023-03-27 10:58:00,3.4170157169552398,Delivery completed
12,12,2023-11-08 23:00:00,5,6,In Transit,2023-11-08 23:29:00,5.055801327760466,Delivery completed
13,13,2023-12-05 09:00:00,3,8,Failed,2023-12-05 10:55:00,3.9152673127179316,Delivery completed
14,14,2023-08-24 12:00:00,4,5,Failed,2023-08-24 13:09:00,2.528894193637412,Delivery completed
15,15,2023-08-20 03:00:00,5,9,In Transit,2023-08-20 04:58:00,7.73936329171357,Delivery completed
16,16,2023-08-11 02:00:00,5,7,Failed,2023-08-11 02:45:00,5.097629166582532,Delivery completed
17,17,2023-07-18 17:00:00,2,4,In Transit,2023-07-18 18:35:00,3.952008708455935,Delivery completed
18,18,2023-08-25 12:00:00,2,6,Delivered,2023-08-25 13:18:00,4.166839856202987,Delivery completed
19,19,2023-01-14 16:00:00,3,6,Delivered,2023-01-14 16:14:00,3.1485716936090156,Delivery completed
20,20,2023-04-13 03:00:00,2,1,Failed,2023-04-13 03:39:00,7.117915161007369,Delivery completed
21,21,2023-09-27 16:00:00,5,7,Failed,2023-09-27 17:35:00,6.766313111340564,Delivery completed
22,22,2023-05-14 20:00:00,3,5,Delivered,2023-05-14 20:50:00,6.206942642079149,Delivery completed
23,23,2023-11-24 16:00:00,3,8,In Transit,2023-11-24 16:05:00,5.662189096187319,Delivery completed
24,24,2023-10-17 20:00:00,5,4,In Transit,2023-10-17 21:55:00,2.3727897578301995,Delivery completed
25,25,2023-05-30 04:00:00,4,1,In Transit,2023-05-30 05:45:00,6.327604465266292,Delivery completed
26,26,2023-01-16 08:00:00,5,6,Delivered,2023-01-16 09:44:00,7.613763482128898,Delivery completed
27,27,2023-02-19 08:00:00,1,2,Failed,2023-02-19 08:28:00,6.883946714392096,Delivery completed
28,28,2023-10-18 04:00:00,2,8,In Transit,2023-10-18 05:08:00,7.741067828685804,Delivery completed
29,29,2023-04-23 11:00:00,2,4,Delivered,2023-04-23 12:02:00,5.410877717741815,Delivery completed
30,30,2023-02-01 07:00:00,1,8,Delivered,2023-02-01 07:09:00,6.0267785403406045,Delivery completed
31,31,2023-07-03 05:00:00,4,9,In Transit,2023-07-03 05:06:00,6.870268786134787,Delivery completed
32,32,2023-07-06 20:00:00,3,10,Delivered,2023-07-06 21:03:00,2.9647757731052398,Delivery completed
33,33,2023-03-26 21:00:00,4,6,Failed,2023-03-26 22:54:00,2.9505259530464585,Delivery completed
34,34,2023-09-11 12:00:00,3,1,Failed,2023-09-11 13:59:00,2.7317319653723207,Delivery completed
35,35,2023-07-08 13:00:00,1,7,In Transit,2023-07-08 14:30:00,7.451157802321538,Delivery completed
36,36,2023-08-26 11:00:00,4,4,Delivered,2023-08-26 12:14:00,2.1954058324716015,Delivery completed
37,37,2023-08-05 06:00:00,4,9,Delivered,2023-08-05 06:49:00,7.260504474012237,Delivery completed
38,38,2023-10-08 15:00:00,4,5,Failed,2023-10-08 15:13:00,4.631651373724823,Delivery completed
39,39,2023-07-26 18:00:00,5,10,In Transit,2023-07-26 18:01:00,6.416244092772525,Delivery completed
40,40,2023-09-11 15:00:00,4,2,In Transit,2023-09-11 16:41:00,6.816552777114804,Delivery completed
41,41,2023-01-25 17:00:00,2,2,Delivered,2023-01-25 17:41:00,4.035435896831737,Delivery completed
42,42,2023-04-26 05:00:00,5,9,Delivered,2023-04-26 06:08:00,2.8205352376160695,Delivery completed
43,43,2023-04-19 15:00:00,1,9,In Transit,2023-04-19 15:02:00,4.737413362279913,Delivery completed
44,44,2023-10-24 22:00:00,4,10,Delivered,2023-10-24 22:07:00,4.78687897055252,Delivery completed
45,45,2023-09-17 20:00:00,3,2,In Transit,2023-09-17 21:29:00,3.1310710588944817,Delivery completed
46,46,2023-06-16 14:00:00,1,1,Failed,2023-06-16 15:46:00,2.880325150836268,Delivery completed
47,47,2023-01-25 22:00:00,2,3,Failed,2023-01-25 22:06:00,3.075706805736477,Delivery completed
48,48,2023-06-24 17:00:00,5,7,In Transit,2023-06-24 17:54:00,6.401337309315504,Delivery completed
49,49,2023-10-13 18:00:00,5,6,Failed,2023-10-13 19:50:00,2.694996062555289,Delivery completed
50,50,2023-10-07 08:00:00,4,9,In Transit,2023-10-07 09:09:00,6.421036420543324,Delivery completed
51,51,2023-09-24 13:00:00,2,10,Failed,2023-09-24 14:30:00,6.074184446721001,Delivery completed
52,52,2023-12-08 03:00:00,2,3,Failed,2023-12-08 03:03:00,7.1284961974556165,Delivery completed
53,53,2023-06-23 05:00:00,1,3,Delivered,2023-06-23 06:05:00,5.473210635955681,Delivery completed
54,54,2023-12-19 12:00:00,4,1,In Transit,2023-12-19 13:25:00,5.534957563243648,Delivery completed
55,55,2023-08-19 13:00:00,3,6,Delivered,2023-08-19 14:06:00,5.340271241666382,Delivery completed
56,56,2023-01-29 07:00:00,3,6,Failed,2023-01-29 07:39:00,3.146983731907148,Delivery completed
57,57,2023-09-04 23:00:00,5,4,In Transit,2023-09-04 23:00:00,4.217723563342538,Delivery completed
58,58,2023-04-29 23:00:00,1,10,In Transit,2023-04-29 23:54:00,5.983345036992682,Delivery completed
59,59,2023-10-22 08:00:00,5,4,Delivered,2023-10-22 08:12:00,4.6611445644376435,Delivery completed
60,60,2023-07-25 13:00:00,5,2,Failed,2023-07-25 13:01:00,7.239232056984534,Delivery completed
61,61,2023-02-07 18:00:00,4,4,Delivered,2023-02-07 18:14:00,4.321791204178362,Delivery completed
62,62,2023-10-17 04:00:00,1,6,Failed,2023-10-17 04:31:00,5.2987176756073415,Delivery completed
63,63,2023-06-30 20:00:00,3,9,Failed,2023-06-30 21:56:00,7.729328193175073,Delivery completed
64,64,2023-12-04 06:00:00,1,5,In Transit,2023-12-04 07:15:00,7.268586735186548,Delivery completed
65,65,2023-12-09 00:00:00,2,8,Delivered,2023-12-09 00:54:00,4.50781068305027,Delivery completed
66,66,2023-10-01 07:00:00,5,1,In Transit,2023-10-01 08:51:00,2.009525962258036,Delivery completed
67,67,2023-05-23 00:00:00,4,1,Failed,2023-05-23 01:04:00,7.848417508888856,Delivery completed
68,68,2023-01-21 15:00:00,4,5,Failed,2023-01-21 15:54:00,2.4457004053012383,Delivery completed
69,69,2023-06-16 16:00:00,3,8,Delivered,2023-06-16 17:06:00,7.211141618011778,Delivery completed
70,70,2023-03-21 21:00:00,2,3,In Transit,2023-03-21 21:28:00,7.365150108083399,Delivery completed
71,71,2023-02-22 21:00:00,3,3,In Transit,2023-02-22 22:53:00,6.039988721531988,Delivery completed
72,72,2023-08-24 09:00:00,4,7,In Transit,2023-08-24 09:08:00,3.1058118583805303,Delivery completed
73,73,2023-08-26 19:00:00,1,3,Delivered,2023-08-26 19:04:00,4.120320254603333,Delivery completed
74,74,2023-10-27 12:00:00,3,10,In Transit,2023-10-27 13:23:00,5.307811604603067,Delivery completed
75,75,2023-10-25 08:00:00,1,10,Failed,2023-10-25 09:23:00,2.7980330676970224,Delivery completed
76,76,2023-10-12 18:00:00,2,4,Delivered,2023-10-12 18:17:00,5.0919831956281625,Delivery completed
77,77,2023-09-30 09:00:00,3,1,Failed,2023-09-30 10:09:00,5.394715380442473,Delivery completed
78,78,2023-01-30 12:00:00,4,2,Delivered,2023-01-30 12:50:00,7.0937037407938295,Delivery completed
79,79,2023-10-22 10:00:00,4,3,In Transit,2023-10-22 10:28:00,4.147430506878185,Delivery completed
80,80,2023-06-17 04:00:00,1,4,Failed,2023-06-17 04:38:00,5.02421212962763,Delivery completed
81,81,2023-01-10 06:00:00,1,5,Failed,2023-01-10 07:24:00,7.8679559711228695,Delivery completed
82,82,2023-03-01 14:00:00,2,9,Delivered,2023-03-01 15:22:00,6.6405962705351556,Delivery completed
83,83,2023-03-31 02:00:00,3,4,Failed,2023-03-31 03:46:00,2.3869422835198524,Delivery completed
84,84,2023-01-06 18:00:00,3,5,Delivered,2023-01-06 18:35:00,2.7138111470405586,Delivery completed
85,85,2023-03-25 14:00:00,3,5,In Transit,2023-03-25 14:41:00,4.085599442141897,Delivery completed
86,86,2023-07-01 05:00:00,3,5,Failed,2023-07-01 06:20:00,4.985798933298839,Delivery completed
87,87,2023-09-06 00:00:00,5,9,Failed,2023-09-06 00:13:00,7.764793108310237,Delivery completed
88,88,2023-12-25 18:00:00,1,7,Delivered,2023-12-25 18:01:00,6.563284484843507,Delivery completed
89,89,2023-03-03 08:00:00,4,1,Delivered,2023-03-03 09:11:00,3.143900391395036,Delivery completed
90,90,2023-11-24 16:00:00,5,6,In Transit,2023-11-24 17:01:00,6.2831087572358815,Delivery completed
91,91,2023-04-27 11:00:00,3,3,In Transit,2023-04-27 11:40:00,2.3058760288016584,Delivery completed
92,92,2023-12-07 00:00:00,1,7,Delivered,2023-12-07 00:59:00,2.2326366512560787,Delivery completed
93,93,2023-03-19 14:00:00,5,5,Failed,2023-03-19 14:53:00,4.949221670763576,Delivery completed
94,94,2023-04-18 21:00:00,1,4,Failed,2023-04-18 21:27:00,3.3601333333177026,Delivery completed
95,95,2023-09-30 14:00:00,3,3,In Transit,2023-09-30 14:01:00,5.599059779137475,Delivery completed
96,96,2023-03-16 00:00:00,1,4,Failed,2023-03-16 00:59:00,2.1710297334046027,Delivery completed
97,97,2023-10-29 09:00:00,2,4,Delivered,2023-10-29 10:04:00,4.428912087788712,Delivery completed
98,98,2023-07-25 12:00:00,5,4,In Transit,2023-07-25 12:55:00,2.564292016427671,Delivery completed
99,99,2023-03-13 04:00:00,1,10,Delivered,2023-03-13 04:14:00,5.150984093230229,Delivery completed
100,100,2023-02-09 08:00:00,3,9,In Transit,2023-02-09 08:28:00,2.1427666500632485,Delivery completed
101,101,2023-09-08 12:00:00,3,5,Delivered,2023-09-08 13:10:00,7.923565933942422,Delivery completed
102,102,2023-05-03 23:00:00,5,1,Delivered,2023-05-04 00:18:00,5.87029940287756,Delivery completed
103,103,2023-04-23 15:00:00,1,6,Failed,2023-04-23 16:24:00,2.688512243923019,Delivery completed
104,104,2023-06-01 05:00:00,2,8,Delivered,2023-06-01 05:32:00,4.4884424800943235,Delivery completed
105,105,2023-05-25 18:00:00,1,3,Failed,2023-05-25 19:52:00,7.852462056499925,Delivery completed
106,106,2023-08-15 03:00:00,5,7,Failed,2023-08-15 03:14:00,2.013850093662202,Delivery completed
107,107,2023-09-04 06:00:00,5,6,In Transit,2023-09-04 07:10:00,6.839927978202444,Delivery completed
108,108,2023-03-04 03:00:00,4,4,Failed,2023-03-04 04:18:00,3.2435179116867414,Delivery completed
109,109,2023-05-03 04:00:00,3,10,In Transit,2023-05-03 05:12:00,6.88373245198702,Delivery completed
110,110,2023-10-10 07:00:00,2,2,Delivered,2023-10-10 08:20:00,2.4283479778521793,Delivery completed
111,111,2023-08-30 12:00:00,1,1,Delivered,2023-08-30 13:07:00,3.943067803074826,Delivery completed
112,112,2023-06-16 02:00:00,1,1,In Transit,2023-06-16 02:41:00,6.998542330009135,Delivery completed
113,113,2023-08-21 05:00:00,1,3,Failed,2023-08-21 05:35:00,2.474480554593133,Delivery completed
114,114,2023-10-15 15:00:00,3,10,In Transit,2023-10-15 16:35:00,3.771118306829659,Delivery completed
115,115,2023-07-07 16:00:00,5,2,Failed,2023-07-07 16:55:00,3.872008602716547,Delivery completed
116,116,2023-01-30 02:00:00,1,9,Failed,2023-01-30 03:51:00,2.536967028103789,Delivery completed
117,117,2023-08-02 04:00:00,5,6,In Transit,2023-08-02 05:35:00,3.193599897550293,Delivery completed
118,118,2023-07-02 08:00:00,4,7,In Transit,2023-07-02 08:43:00,5.708246152699028,Delivery completed
119,119,2023-04-08 03:00:00,2,2,Delivered,2023-04-08 04:49:00,4.8474075042151785,Delivery completed
120,120,2023-03-19 07:00:00,3,10,In Transit,2023-03-19 07:55:00,3.1200855515113055,Delivery completed
121,121,2023-09-14 16:00:00,2,8,In Transit,2023-09-14 17:02:00,4.968421169218932,Delivery completed
122,122,2023-03-29 01:00:00,3,1,In Transit,2023-03-29 02:36:00,2.9389474491095946,Delivery completed
123,123,2023-08-06 03:00:00,3,10,Delivered,2023-08-06 03:25:00,7.327972782782358,Delivery completed
124,124,2023-07-23 11:00:00,2,5,In Transit,2023-07-23 11:15:00,7.71489004461919,Delivery completed
125,125,2023-06-16 16:00:00,1,2,In Transit,2023-06-16 16:37:00,2.731513327706697,Delivery completed
126,126,2023-06-14 05:00:00,1,9,Delivered,2023-06-14 05:34:00,5.211734396659556,Delivery completed
127,127,2023-10-31 02:00:00,3,6,Failed,2023-10-31 02:49:00,2.9380999708266216,Delivery completed
128,128,2023-10-22 17:00:00,5,2,Delivered,2023-10-22 18:30:00,4.140974441674718,Delivery completed
129,129,2023-06-27 01:00:00,4,1,Delivered,2023-06-27 02:29:00,7.843676298156643,Delivery completed
130,130,2023-08-13 06:00:00,5,8,In Transit,2023-08-13 06:22:00,7.618339782648598,Delivery completed
131,131,2023-07-15 12:00:00,4,2,Delivered,2023-07-15 13:52:00,3.137984929384177,Delivery completed
132,132,2023-09-26 11:00:00,5,4,Delivered,2023-09-26 11:24:00,5.252701736220553,Delivery completed
133,133,2023-05-08 06:00:00,2,8,Failed,2023-05-08 07:30:00,5.641089228582816,Delivery completed
134,134,2023-09-13 05:00:00,3,7,In Transit,2023-09-13 06:03:00,5.546310679206883,Delivery completed
135,135,2023-08-27 13:00:00,5,2,Failed,2023-08-27 14:55:00,6.959694392534374,Delivery completed
136,136,2023-10-27 06:00:00,5,9,Failed,2023-10-27 07:00:00,6.772841457264711,Delivery completed
137,137,2023-06-28 22:00:00,5,6,Delivered,2023-06-28 23:22:00,6.0021991825849685,Delivery completed
138,138,2023-12-29 21:00:00,3,3,Failed,2023-12-29 21:06:00,6.9938087094054335,Delivery completed
139,139,2023-04-12 00:00:00,1,7,In Transit,2023-04-12 00:14:00,4.448676124716874,Delivery completed
140,140,2023-10-03 20:00:00,5,9,In Transit,2023-10-03 20:48:00,7.990168514638456,Delivery completed
141,141,2023-02-03 09:00:00,2,1,In Transit,2023-02-03 09:13:00,7.817663876012023,Delivery completed
142,142,2023-02-12 03:00:00,4,9,In Transit,2023-02-12 04:12:00,7.230680450163757,Delivery completed
143,143,2023-03-31 08:00:00,4,4,In Transit,2023-03-31 08:15:00,5.608147145810123,Delivery completed
144,144,2023-07-21 12:00:00,4,1,In Transit,2023-07-21 13:19:00,4.735394791493773,Delivery completed
145,145,2023-09-10 12:00:00,5,5,In Transit,2023-09-10 13:46:00,7.045898622250174,Delivery completed
146,146,2023-02-16 15:00:00,4,3,Delivered,2023-02-16 16:17:00,6.366703222687846,Delivery completed
147,147,2023-04-17 14:00:00,5,3,In Transit,2023-04-17 14:25:00,7.314168448976373,Delivery completed
148,148,2023-02-05 14:00:00,2,3,In Transit,2023-02-05 14:38:00,4.121739972398614,Delivery completed
149,149,2023-05-14 16:00:00,1,5,In Transit,2023-05-14 16:17:00,6.579884839286974,Delivery completed
150,150,2023-06-26 23:00:00,3,8,Failed,2023-06-27 00:32:00,7.439116860013414,Delivery completed
151,151,2023-01-09 18:00:00,3,2,Delivered,2023-01-09 18:16:00,4.076214237075952,Delivery completed
152,152,2023-01-10 15:00:00,4,6,In Transit,2023-01-10 16:35:00,7.640969407796733,Delivery completed
153,153,2023-10-14 23:00:00,5,4,In Transit,2023-10-14 23:16:00,3.822782295770515,Delivery completed
154,154,2023-09-18 09:00:00,3,10,In Transit,2023-09-18 11:00:00,3.2968474447608758,Delivery completed
155,155,2023-06-17 16:00:00,4,1,In Transit,2023-06-17 17:09:00,4.034475273308459,Delivery completed
156,156,2023-03-10 04:00:00,5,9,Delivered,2023-03-10 04:58:00,2.601339000960678,Delivery completed
157,157,2023-12-14 21:00:00,4,7,Failed,2023-12-14 22:45:00,2.2891245352012044,Delivery completed
158,158,2023-03-15 05:00:00,4,4,Failed,2023-03-15 05:00:00,7.576679837610159,Delivery completed
159,159,2023-04-13 00:00:00,1,9,Delivered,2023-04-13 01:32:00,3.2066631873978695,Delivery completed
160,160,2023-03-20 10:00:00,5,8,Failed,2023-03-20 11:32:00,4.212605164768366,Delivery completed
161,161,2023-11-22 13:00:00,4,6,Failed,2023-11-22 13:35:00,3.9013950304197493,Delivery completed
162,162,2023-04-24 17:00:00,2,2,Delivered,2023-04-24 17:15:00,3.132894063734935,Delivery completed
163,163,2023-01-09 00:00:00,5,5,Delivered,2023-01-09 00:20:00,6.131787617967002,Delivery completed
164,164,2023-12-09 08:00:00,1,4,Delivered,2023-12-09 08:03:00,6.169740085251119,Delivery completed
165,165,2023-04-20 03:00:00,4,8,In Transit,2023-04-20 04:08:00,7.194229799892771,Delivery completed
166,166,2023-06-03 08:00:00,4,2,Failed,2023-06-03 08:40:00,6.303204130235063,Delivery completed
167,167,2023-04-04 23:00:00,1,10,In Transit,2023-04-05 00:57:00,7.040034623437409,Delivery completed
168,168,2023-12-11 02:00:00,3,10,Delivered,2023-12-11 02:48:00,6.593058507621276,Delivery completed
169,169,2023-02-04 12:00:00,2,5,Failed,2023-02-04 13:58:00,4.175807756654294,Delivery completed
170,170,2023-01-05 01:00:00,2,7,Failed,2023-01-05 01:20:00,2.0013707750731635,Delivery completed
171,171,2023-04-11 09:00:00,3,9,Delivered,2023-04-11 09:33:00,5.387425722221132,Delivery completed
172,172,2023-11-15 17:00:00,5,5,In Transit,2023-11-15 17:48:00,5.8745590154567715,Delivery completed
173,173,2023-06-13 02:00:00,2,7,In Transit,2023-06-13 02:44:00,7.94988517064496,Delivery completed
174,174,2023-12-22 11:00:00,1,5,In Transit,2023-12-22 11:12:00,7.864384571066133,Delivery completed
175,175,2023-01-05 15:00:00,4,5,In Transit,2023-01-05 15:21:00,3.392992042656184,Delivery completed
176,176,2023-11-01 14:00:00,3,2,In Transit,2023-11-01 15:56:00,5.398327558848983,Delivery completed
177,177,2023-04-15 09:00:00,4,5,Delivered,2023-04-15 10:05:00,6.19261066954384,Delivery completed
178,178,2023-06-21 10:00:00,4,9,Delivered,2023-06-21 10:02:00,3.456357415008842,Delivery completed
179,179,2023-12-26 12:00:00,3,9,Delivered,2023-12-26 12:43:00,5.758482549463951,Delivery completed
180,180,2023-03-25 10:00:00,2,1,Delivered,2023-03-25 11:54:00,4.391716050995304,Delivery completed
181,181,2023-10-01 11:00:00,4,5,In Transit,2023-10-01 12:02:00,4.345679103879787,Delivery completed
182,182,2023-01-20 11:00:00,3,7,Delivered,2023-01-20 11:20:00,5.510238576859645,Delivery completed
183,183,2023-06-04 03:00:00,3,7,Failed,2023-06-04 04:37:00,7.855797633456656,Delivery completed
184,184,2023-09-19 08:00:00,1,3,In Transit,2023-09-19 08:26:00,7.203626292468687,Delivery completed
185,185,2023-06-11 16:00:00,4,7,Delivered,2023-06-11 16:46:00,5.913616991384943,Delivery completed
186,186,2023-06-02 16:00:00,1,7,Failed,2023-06-02 17:43:00,2.1662791658258564,Delivery completed
187,187,2023-03-07 11:00:00,5,9,Failed,2023-03-07 11:36:00,5.300154764423462,Delivery completed
188,188,2023-12-05 14:00:00,4,4,In Transit,2023-12-05 15:14:00,4.5941537974225675,Delivery completed
189,189,2023-10-17 04:00:00,4,1,Delivered,2023-10-17 05:17:00,7.393537542803825,Delivery completed
190,190,2023-09-29 22:00:00,3,6,Failed,2023-09-29 22:11:00,4.522425306540659,Delivery completed
191,191,2023-03-13 14:00:00,5,3,In Transit,2023-03-13 15:36:00,6.076422152948249,Delivery completed
192,192,2023-12-06 20:00:00,5,10,Failed,2023-12-06 21:56:00,3.066520514264731,Delivery completed
193,193,2023-11-07 00:00:00,1,3,Failed,2023-11-07 01:55:00,5.315113084146734,Delivery completed
194,194,2023-08-14 12:00:00,3,8,In Transit,2023-08-14 12:45:00,5.164482704173693,Delivery completed
195,195,2023-08-08 16:00:00,2,7,Delivered,2023-08-08 16:59:00,6.6110662304310495,Delivery completed
196,196,2023-09-01 23:00:00,2,6,Delivered,2023-09-01 23:42:00,5.020874537855894,Delivery completed
197,197,2023-12-11 02:00:00,4,5,In Transit,2023-12-11 02:28:00,6.259303984414254,Delivery completed
198,198,2023-12-30 09:00:00,1,8,Delivered,2023-12-30 10:12:00,7.633503674454198,Delivery completed
199,199,2023-09-20 04:00:00,4,5,Failed,2023-09-20 04:07:00,5.9839749546027186,Delivery completed
200,200,2023-01-02 21:00:00,2,10,In Transit,2023-01-02 22:49:00,6.396916548555822,Delivery completed
201,201,2023-04-01 13:00:00,2,3,Failed,2023-04-01 13:34:00,7.305631613179928,Delivery completed
202,202,2023-08-31 22:00:00,2,9,In Transit,2023-09-01 00:00:00,3.2135758218987753,Delivery completed
203,203,2023-09-01 04:00:00,2,5,Failed,2023-09-01 04:44:00,6.833710715127313,Delivery completed
204,204,2023-08-06 08:00:00,1,10,Failed,2023-08-06 09:53:00,7.077045210225458,Delivery completed
205,205,2023-01-03 20:00:00,4,4,Delivered,2023-01-03 21:46:00,2.083479987225922,Delivery completed
206,206,2023-10-14 01:00:00,1,8,In Transit,2023-10-14 01:21:00,2.4718477476665646,Delivery completed
207,207,2023-11-26 04:00:00,3,2,Failed,2023-11-26 04:27:00,6.442587434023057,Delivery completed
208,208,2023-03-28 10:00:00,1,4,Failed,2023-03-28 10:31:00,6.829149838794865,Delivery completed
209,209,2023-08-09 02:00:00,3,5,Failed,2023-08-09 03:22:00,5.5220381391965265,Delivery completed
210,210,2023-08-18 22:00:00,1,3,In Transit,2023-08-18 22:18:00,3.0130832332585165,Delivery completed
211,211,2023-03-23 12:00:00,5,7,Failed,2023-03-23 13:11:00,4.771958667191699,Delivery completed
212,212,2023-05-15 20:00:00,3,5,Failed,2023-05-15 20:16:00,5.343020568690869,Delivery completed
213,213,2023-01-10 06:00:00,4,9,Failed,2023-01-10 06:36:00,4.65695692863819,Delivery completed
214,214,2023-05-11 13:00:00,1,10,Failed,2023-05-11 13:19:00,6.7449337688833,Delivery completed
215,215,2023-12-23 12:00:00,1,3,Failed,2023-12-23 12:41:00,2.2622652970341584,Delivery completed
216,216,2023-04-25 02:00:00,4,8,Delivered,2023-04-25 02:45:00,6.124136996375929,Delivery completed
217,217,2023-02-11 02:00:00,5,9,Failed,2023-02-11 02:04:00,3.345397091562721,Delivery completed
218,218,2023-01-23 20:00:00,4,3,Failed,2023-01-23 20:48:00,6.595833734420841,Delivery completed
219,219,2023-03-20 05:00:00,4,10,Failed,2023-03-20 06:35:00,5.798685852489179,Delivery completed
220,220,2023-03-11 12:00:00,3,3,In Transit,2023-03-11 12:56:00,7.625842212003005,Delivery completed
221,221,2023-12-07 00:00:00,4,4,In Transit,2023-12-07 00:22:00,5.950276908290102,Delivery completed
222,222,2023-04-02 22:00:00,1,4,Failed,2023-04-02 22:05:00,3.9563151066320685,Delivery completed
223,223,2023-12-03 07:00:00,2,8,In Transit,2023-12-03 07:37:00,7.398515591975645,Delivery completed
224,224,2023-01-10 17:00:00,4,8,In Transit,2023-01-10 18:06:00,5.438340391725324,Delivery completed
225,225,2023-04-06 06:00:00,2,7,Delivered,2023-04-06 06:27:00,5.064350553042259,Delivery completed
226,226,2023-10-24 18:00:00,2,5,In Transit,2023-10-24 18:37:00,4.365029632751114,Delivery completed
227,227,2023-10-03 17:00:00,3,7,Failed,2023-10-03 18:58:00,2.0726858530157095,Delivery completed
228,228,2023-03-18 16:00:00,5,10,In Transit,2023-03-18 17:43:00,4.233031492285656,Delivery completed
229,229,2023-06-30 00:00:00,3,4,Failed,2023-06-30 00:52:00,5.182744902336701,Delivery completed
230,230,2023-02-14 19:00:00,1,6,Delivered,2023-02-14 20:56:00,3.9443746467635696,Delivery completed
231,231,2023-11-02 13:00:00,3,6,Delivered,2023-11-02 13:49:00,4.033747481621196,Delivery completed
232,232,2023-08-22 16:00:00,2,2,Failed,2023-08-22 17:58:00,4.166501772441122,Delivery completed
233,233,2023-04-14 04:00:00,4,6,Delivered,2023-04-14 04:34:00,6.566794353649252,Delivery completed
234,234,2023-06-25 20:00:00,4,5,In Transit,2023-06-25 21:50:00,6.057147303403098,Delivery completed
235,235,2023-07-02 05:00:00,1,3,Delivered,2023-07-02 06:01:00,3.1901981563647923,Delivery completed
236,236,2023-10-10 05:00:00,3,10,Failed,2023-10-10 06:57:00,2.2053129038349426,Delivery completed
237,237,2023-10-15 02:00:00,5,6,In Transit,2023-10-15 03:15:00,2.488889469926002,Delivery completed
238,238,2023-09-05 19:00:00,3,3,Delivered,2023-09-05 19:44:00,5.047738450910007,Delivery completed
239,239,2023-01-28 21:00:00,5,10,Delivered,2023-01-28 21:46:00,5.282529188968385,Delivery completed
240,240,2023-03-24 18:00:00,5,2,In Transit,2023-03-24 20:00:00,5.787316243739948,Delivery completed
241,241,2023-01-24 06:00:00,3,2,Delivered,2023-01-24 07:52:00,7.878811537327332,Delivery completed
242,242,2023-08-29 01:00:00,1,10,In Transit,2023-08-29 02:54:00,4.209239310212452,Delivery completed
243,243,2023-05-21 17:00:00,4,10,Delivered,2023-05-21 18:16:00,2.600617410584227,Delivery completed
244,244,2023-01-26 09:00:00,3,9,Failed,2023-01-26 09:03:00,2.3159944542114905,Delivery completed
245,245,2023-03-13 07:00:00,2,2,Delivered,2023-03-13 07:04:00,6.630980148113475,Delivery completed
246,246,2023-06-28 17:00:00,2,4,Failed,2023-06-28 18:06:00,5.375636830992101,Delivery completed
247,247,2023-08-04 23:00:00,5,3,Delivered,2023-08-04 23:08:00,6.46895341833299,Delivery completed
248,248,2023-07-07 04:00:00,3,5,Delivered,2023-07-07 05:33:00,4.726074410247329,Delivery completed
249,249,2023-04-25 20:00:00,4,3,Delivered,2023-04-25 20:05:00,4.381115999427597,Delivery completed
250,250,2023-09-01 20:00:00,4,3,In Transit,2023-09-01 21:17:00,7.617373861387751,Delivery completed
251,251,2023-06-19 17:00:00,1,7,Failed,2023-06-19 17:34:00,2.0301228598129715,Delivery completed
252,252,2023-03-10 21:00:00,5,1,Failed,2023-03-10 21:51:00,7.427115189828047,Delivery completed
253,253,2023-04-21 01:00:00,2,2,In Transit,2023-04-21 01:27:00,6.589971640848593,Delivery completed
254,254,2023-04-12 18:00:00,2,1,In Transit,2023-04-12 19:45:00,5.323751901850889,Delivery completed
255,255,2023-08-10 04:00:00,3,6,Failed,2023-08-10 04:25:00,5.460117826198404,Delivery completed
256,256,2023-04-24 12:00:00,1,7,In Transit,2023-04-24 13:35:00,4.474531925579635,Delivery completed
257,257,2023-10-18 06:00:00,3,1,Failed,2023-10-18 06:31:00,2.338506286235253,Delivery completed
258,258,2023-05-04 23:00:00,1,3,In Transit,2023-05-04 23:56:00,2.4837403669057627,Delivery completed
259,259,2023-04-29 02:00:00,1,8,Failed,2023-04-29 02:31:00,2.180240776994107,Delivery completed
260,260,2023-11-16 01:00:00,4,1,In Transit,2023-11-16 02:36:00,6.254012428262802,Delivery completed
261,261,2023-06-29 07:00:00,2,6,In Transit,2023-06-29 08:27:00,2.251055332857373,Delivery completed
262,262,2023-12-27 12:00:00,5,1,Delivered,2023-12-27 12:04:00,5.586123884301354,Delivery completed
263,263,2023-12-23 13:00:00,3,2,In Transit,2023-12-23 13:59:00,2.8241977580225788,Delivery completed
264,264,2023-06-11 08:00:00,2,8,Failed,2023-06-11 08:56:00,4.100591674901841,Delivery completed
265,265,2023-11-25 22:00:00,3,1,In Transit,2023-11-25 22:18:00,3.010407234325484,Delivery completed
266,266,2023-06-09 10:00:00,4,2,Delivered,2023-06-09 11:45:00,5.440693402813579,Delivery completed
267,267,2023-12-20 12:00:00,3,6,In Transit,2023-12-20 12:54:00,5.45415939347444,Delivery completed
268,268,2023-01-04 05:00:00,4,9,In Transit,2023-01-04 06:29:00,6.456623059569199,Delivery completed
269,269,2023-09-17 05:00:00,5,6,In Transit,2023-09-17 05:58:00,2.3746073741255067,Delivery completed
270,270,2023-07-01 11:00:00,5,1,Failed,2023-07-01 12:56:00,7.609695065772804,Delivery completed
271,271,2023-01-07 18:00:00,4,6,Failed,2023-01-07 18:52:00,7.324173462899404,Delivery completed
272,272,2023-12-15 15:00:00,5,8,Failed,2023-12-15 16:26:00,6.783077781549797,Delivery completed
273,273,2023-11-13 03:00:00,4,10,Delivered,2023-11-13 03:15:00,3.121847629351163,Delivery completed
274,274,2023-04-21 12:00:00,3,7,Failed,2023-04-21 13:48:00,5.713660962714201,Delivery completed
275,275,2023-12-31 08:00:00,5,6,Failed,2023-12-31 08:58:00,7.208116337220966,Delivery completed
276,276,2023-03-31 20:00:00,5,5,In Transit,2023-03-31 21:36:00,2.9874526765890357,Delivery completed
277,277,2023-07-02 23:00:00,2,2,Failed,2023-07-02 23:30:00,5.9369877968762115,Delivery completed
278,278,2023-02-04 16:00:00,4,1,Delivered,2023-02-04 16:34:00,5.439123284391498,Delivery completed
279,279,2023-05-05 15:00:00,1,2,Delivered,2023-05-05 15:53:00,7.141955848752407,Delivery completed
280,280,2023-05-15 10:00:00,5,4,Delivered,2023-05-15 10:00:00,2.543343404962566,Delivery completed
281,281,2023-06-18 21:00:00,3,5,Delivered,2023-06-18 21:13:00,6.335751476695423,Delivery completed
282,282,2023-02-28 10:00:00,5,6,Failed,2023-02-28 10:41:00,5.464671986293239,Delivery completed
283,283,2023-02-17 03:00:00,5,1,Delivered,2023-02-17 03:12:00,5.460377863796702,Delivery completed
284,284,2023-11-17 07:00:00,1,3,In Transit,2023-11-17 08:48:00,2.567166543818226,Delivery completed
285,285,2023-06-04 09:00:00,4,3,Failed,2023-06-04 10:25:00,2.7683840966181963,Delivery completed
286,286,2023-11-22 07:00:00,5,9,Delivered,2023-11-22 08:04:00,2.666358143095339,Delivery completed
287,287,2023-06-19 10:00:00,5,2,Delivered,2023-06-19 11:21:00,2.279056366632357,Delivery completed
288,288,2023-08-14 07:00:00,5,10,In Transit,2023-08-14 08:48:00,4.837550594675387,Delivery completed
289,289,2023-05-28 00:00:00,2,6,Delivered,2023-05-28 00:08:00,6.457365873320855,Delivery completed
290,290,2023-07-18 19:00:00,5,1,Failed,2023-07-18 20:31:00,6.935890377268815,Delivery completed
291,291,2023-08-27 01:00:00,5,8,Failed,2023-08-27 02:16:00,7.630525486009526,Delivery completed
292,292,2023-11-26 18:00:00,4,6,Delivered,2023-11-26 18:08:00,2.6849692844736133,Delivery completed
293,293,2023-10-13 13:00:00,3,10,Delivered,2023-10-13 13:49:00,4.190294909005426,Delivery completed
294,294,2023-10-22 22:00:00,5,5,Delivered,2023-10-22 22:07:00,5.098688436192484,Delivery completed
295,295,2023-06-28 19:00:00,5,6,In Transit,2023-06-28 20:17:00,6.224383924621131,Delivery completed
296,296,2023-03-19 07:00:00,3,6,In Transit,2023-03-19 07:32:00,4.921435844757457,Delivery completed
297,297,2023-11-21 23:00:00,1,9,Delivered,2023-11-22 00:35:00,7.3517311849418645,Delivery completed
298,298,2023-11-20 05:00:00,1,10,In Transit,2023-11-20 07:00:00,3.7709759861387027,Delivery completed
299,299,2023-12-09 00:00:00,5,7,Failed,2023-12-09 01:00:00,2.060608043807544,Delivery completed
300,300,2023-09-06 22:00:00,1,10,Failed,2023-09-06 22:43:00,7.804741254008829,Delivery completed
301,301,2023-07-15 23:00:00,2,2,Failed,2023-07-15 23:48:00,2.8430290072205247,Delivery completed
302,302,2023-04-04 13:00:00,4,4,In Transit,2023-04-04 14:24:00,3.7132232767211764,Delivery completed
303,303,2023-10-18 11:00:00,5,2,In Transit,2023-10-18 11:02:00,6.431442724114181,Delivery completed
304,304,2023-12-04 14:00:00,1,4,Delivered,2023-12-04 15:51:00,6.464143978220248,Delivery completed
305,305,2023-04-20 22:00:00,1,3,In Transit,2023-04-20 22:24:00,5.173430776869759,Delivery completed
306,306,2023-05-30 14:00:00,3,4,Delivered,2023-05-30 14:51:00,4.327206065191104,Delivery completed
307,307,2023-01-25 16:00:00,5,3,Delivered,2023-01-25 17:26:00,6.218962373410477,Delivery completed
308,308,2023-10-29 11:00:00,1,6,In Transit,2023-10-29 11:06:00,2.0890192876083553,Delivery completed
309,309,2023-04-10 12:00:00,5,5,Failed,2023-04-10 13:44:00,6.790745829980169,Delivery completed
310,310,2023-12-06 03:00:00,4,2,In Transit,2023-12-06 04:16:00,6.641801894891579,Delivery completed
311,311,2023-10-29 13:00:00,3,7,In Transit,2023-10-29 14:08:00,6.285391478776243,Delivery completed
312,312,2023-10-21 00:00:00,1,6,In Transit,2023-10-21 01:05:00,4.86403308920437,Delivery completed
313,313,2023-09-04 00:00:00,2,7,In Transit,2023-09-04 01:55:00,7.698937578843368,Delivery completed
314,314,2023-06-15 08:00:00,3,10,Delivered,2023-06-15 09:31:00,4.295450552396058,Delivery completed
315,315,2023-08-13 15:00:00,3,4,Delivered,2023-08-13 16:54:00,4.926474753105101,Delivery completed
316,316,2023-01-25 17:00:00,4,1,Delivered,2023-01-25 18:25:00,7.785137689855315,Delivery completed
317,317,2023-03-31 21:00:00,1,6,Delivered,2023-03-31 21:37:00,7.994922529392884,Delivery completed
318,318,2023-08-31 20:00:00,2,8,Delivered,2023-08-31 21:16:00,5.3699173080948075,Delivery completed
319,319,2023-05-26 06:00:00,5,9,Failed,2023-05-26 07:07:00,5.878240937574147,Delivery completed
320,320,2023-03-15 02:00:00,3,3,Delivered,2023-03-15 02:41:00,5.358489802365524,Delivery completed
321,321,2023-07-27 16:00:00,2,4,Delivered,2023-07-27 16:14:00,4.237319509865155,Delivery completed
322,322,2023-05-29 02:00:00,5,4,Delivered,2023-05-29 03:08:00,3.5967091423072874,Delivery completed
323,323,2023-03-09 22:00:00,3,8,Delivered,2023-03-09 23:47:00,7.122071919207506,Delivery completed
324,324,2023-11-08 15:00:00,4,6,In Transit,2023-11-08 16:13:00,7.181347096007828,Delivery completed
325,325,2023-05-11 14:00:00,3,6,Failed,2023-05-11 15:36:00,6.437212583311158,Delivery completed
326,326,2023-11-08 11:00:00,1,8,Failed,2023-11-08 11:50:00,3.511930795615517,Delivery completed
327,327,2023-03-06 18:00:00,5,10,Delivered,2023-03-06 19:40:00,2.7904084695773106,Delivery completed
328,328,2023-05-06 04:00:00,2,5,In Transit,2023-05-06 04:58:00,7.528699135023313,Delivery completed
329,329,2023-08-15 06:00:00,3,2,In Transit,2023-08-15 06:49:00,4.839450426538841,Delivery completed
330,330,2023-05-08 21:00:00,2,9,Failed,2023-05-08 22:34:00,3.2432417680325116,Delivery completed
331,331,2023-06-07 22:00:00,2,6,Failed,2023-06-07 23:02:00,6.3325854778290385,Delivery completed
332,332,2023-10-24 15:00:00,4,3,Delivered,2023-10-24 15:31:00,6.295291762436033,Delivery completed
333,333,2023-04-19 01:00:00,4,9,In Transit,2023-04-19 02:48:00,3.4400026083833257,Delivery completed
334,334,2023-08-19 14:00:00,5,9,Delivered,2023-08-19 15:53:00,6.8797022960045275,Delivery completed
335,335,2023-12-22 09:00:00,4,3,Delivered,2023-12-22 10:08:00,7.489034808176635,Delivery completed
336,336,2023-11-05 21:00:00,1,8,Failed,2023-11-05 22:43:00,4.469559888088796,Delivery completed
337,337,2023-11-04 04:00:00,3,1,In Transit,2023-11-04 05:25:00,2.7799931404639575,Delivery completed
338,338,2023-04-19 10:00:00,2,10,Failed,2023-04-19 11:21:00,6.38088693538418,Delivery completed
339,339,2023-06-13 22:00:00,1,8,Delivered,2023-06-13 22:40:00,3.80789194238453,Delivery completed
340,340,2023-11-23 06:00:00,4,4,Delivered,2023-11-23 07:22:00,3.7726373723090836,Delivery completed
341,341,2023-08-08 20:00:00,1,8,Delivered,2023-08-08 21:36:00,3.112869781183843,Delivery completed
342,342,2023-03-27 17:00:00,2,5,Delivered,2023-03-27 17:24:00,4.152526277684309,Delivery completed
343,343,2023-09-28 21:00:00,1,1,Delivered,2023-09-28 21:42:00,5.014031396623203,Delivery completed
344,344,2023-01-31 16:00:00,3,7,Delivered,2023-01-31 17:42:00,4.960508784578943,Delivery completed
345,345,2023-06-08 03:00:00,4,3,In Transit,2023-06-08 04:39:00,3.7326709182946898,Delivery completed
346,346,2023-05-28 18:00:00,1,7,In Transit,2023-05-28 18:25:00,3.7506339565365767,Delivery completed
347,347,2023-09-16 02:00:00,3,10,In Transit,2023-09-16 03:34:00,7.162877957787901,Delivery completed
348,348,2023-04-27 13:00:00,2,10,In Transit,2023-04-27 13:32:00,7.142381605359322,Delivery completed
349,349,2023-08-12 15:00:00,2,9,Failed,2023-08-12 15:15:00,5.427788789903902,Delivery completed
350,350,2023-08-07 23:00:00,5,8,In Transit,2023-08-08 00:10:00,6.102634089619892,Delivery completed
351,351,2023-07-12 20:00:00,5,5,Delivered,2023-07-12 20:14:00,6.626584331175868,Delivery completed
352,352,2023-02-15 01:00:00,5,7,In Transit,2023-02-15 02:59:00,7.804348668411266,Delivery completed
353,353,2023-12-05 20:00:00,5,3,In Transit,2023-12-05 21:36:00,4.714254543004524,Delivery completed
354,354,2023-01-11 22:00:00,3,4,Failed,2023-01-11 23:07:00,5.055937265436713,Delivery completed
355,355,2023-03-21 15:00:00,5,2,In Transit,2023-03-21 15:47:00,7.939036986477383,Delivery completed
356,356,2023-02-15 22:00:00,2,4,Delivered,2023-02-15 23:53:00,6.671758965650237,Delivery completed
357,357,2023-12-02 15:00:00,2,8,In Transit,2023-12-02 15:43:00,3.526693036264183,Delivery completed
358,358,2023-01-07 19:00:00,4,5,In Transit,2023-01-07 19:26:00,7.413199513315424,Delivery completed
359,359,2023-12-21 12:00:00,5,5,Delivered,2023-12-21 12:09:00,7.0322823791918845,Delivery completed
360,360,2023-04-08 00:00:00,5,7,Failed,2023-04-08 00:13:00,6.99319359286509,Delivery completed
361,361,2023-03-21 19:00:00,5,7,In Transit,2023-03-21 19:29:00,5.9511104552813165,Delivery completed
362,362,2023-09-01 17:00:00,5,1,In Transit,2023-09-01 17:18:00,2.0586291300141637,Delivery completed
363,363,2023-03-17 00:00:00,5,4,In Transit,2023-03-17 00:55:00,4.912606848418313,Delivery completed
364,364,2023-05-04 04:00:00,3,5,Failed,2023-05-04 04:35:00,3.949769725840828,Delivery completed
365,365,2023-06-17 07:00:00,4,4,Failed,2023-06-17 07:25:00,3.895231635936227,Delivery completed
366,366,2023-04-08 18:00:00,3,9,Delivered,2023-04-08 18:40:00,2.4949001804287843,Delivery completed
367,367,2023-10-13 00:00:00,5,2,Failed,2023-10-13 00:44:00,2.0433826692789667,Delivery completed
368,368,2023-05-02 12:00:00,3,8,In Transit,2023-05-02 12:12:00,3.178184248544058,Delivery completed
369,369,2023-02-20 12:00:00,3,8,Failed,2023-02-20 13:38:00,6.24482744215211,Delivery completed
370,370,2023-02-06 23:00:00,2,7,Delivered,2023-02-07 00:34:00,5.5151212307528565,Delivery completed
371,371,2023-03-10 00:00:00,2,1,Failed,2023-03-10 01:09:00,2.0194043640657307,Delivery completed
372,372,2023-11-05 20:00:00,5,10,Failed,2023-11-05 21:53:00,3.6926275021263093,Delivery completed
373,373,2023-10-14 13:00:00,3,7,Delivered,2023-10-14 14:43:00,2.050770822804208,Delivery completed
374,374,2023-01-19 08:00:00,1,2,In Transit,2023-01-19 09:54:00,6.937717147483458,Delivery completed
375,375,2023-09-16 00:00:00,5,1,In Transit,2023-09-16 00:37:00,7.76129033664663,Delivery completed
376,376,2023-11-28 05:00:00,3,7,Delivered,2023-11-28 06:02:00,2.2982490100953,Delivery completed
377,377,2023-01-27 14:00:00,4,3,In Transit,2023-01-27 15:51:00,5.676735109846484,Delivery completed
378,378,2023-09-14 12:00:00,4,7,Failed,2023-09-14 13:08:00,2.2842504906519157,Delivery completed
379,379,2023-11-27 15:00:00,4,4,Failed,2023-11-27 15:10:00,4.125158063535849,Delivery completed
380,380,2023-09-21 15:00:00,1,8,Delivered,2023-09-21 15:37:00,6.310466780804467,Delivery completed
381,381,2023-10-24 11:00:00,3,3,Delivered,2023-10-24 12:31:00,7.840319071672844,Delivery completed
382,382,2023-09-12 21:00:00,3,7,Delivered,2023-09-12 21:39:00,6.788810023218152,Delivery completed
383,383,2023-07-22 09:00:00,5,2,Delivered,2023-07-22 10:50:00,6.6633958415704,Delivery completed
384,384,2023-12-27 03:00:00,1,10,Failed,2023-12-27 04:19:00,5.903412658720558,Delivery completed
385,385,2023-11-27 00:00:00,4,3,In Transit,2023-11-27 00:30:00,6.73456481521899,Delivery completed
386,386,2023-05-07 23:00:00,2,3,Delivered,2023-05-07 23:10:00,4.791810619326036,Delivery completed
387,387,2023-04-21 15:00:00,4,5,Failed,2023-04-21 15:50:00,2.7592333416486703,Delivery completed
388,388,2023-07-28 10:00:00,2,2,Failed,2023-07-28 11:10:00,4.93000417345813,Delivery completed
389,389,2023-10-29 13:00:00,2,3,In Transit,2023-10-29 14:13:00,7.173522778950437,Delivery completed
390,390,2023-10-08 23:00:00,3,7,Delivered,2023-10-09 00:52:00,5.930774305462255,Delivery completed
391,391,2024-01-01 17:00:00,5,4,In Transit,2024-01-01 17:35:00,2.3131135496796658,Delivery completed
392,392,2023-09-13 00:00:00,3,9,Delivered,2023-09-13 00:45:00,5.486456842895832,Delivery completed
393,393,2023-07-01 10:00:00,2,7,Delivered,2023-07-01 11:43:00,3.9546820160809126,Delivery completed
394,394,2023-02-15 16:00:00,1,10,Failed,2023-02-15 16:42:00,6.14863202881079,Delivery completed
395,395,2023-05-26 00:00:00,3,5,In Transit,2023-05-26 01:43:00,2.52895656756621,Delivery completed
396,396,2023-12-02 08:00:00,2,2,Delivered,2023-12-02 08:11:00,7.016657798801629,Delivery completed
397,397,2023-06-21 00:00:00,3,1,Failed,2023-06-21 00:41:00,6.420833843361022,Delivery completed
398,398,2023-07-05 12:00:00,1,5,In Transit,2023-07-05 13:18:00,5.931585357778454,Delivery completed
399,399,2023-09-13 05:00:00,2,8,In Transit,2023-09-13 06:48:00,6.974993068720033,Delivery completed
400,400,2023-05-23 12:00:00,4,2,Delivered,2023-05-23 13:18:00,7.147969158365591,Delivery completed
401,401,2023-02-27 14:00:00,1,10,In Transit,2023-02-27 14:07:00,3.0672555160626436,Delivery completed
402,402,2023-07-28 16:00:00,2,1,Delivered,2023-07-28 16:45:00,2.2505713795267863,Delivery completed
403,403,2023-07-03 10:00:00,5,5,In Transit,2023-07-03 10:19:00,6.25630761767115,Delivery completed
404,404,2023-03-04 18:00:00,3,9,In Transit,2023-03-04 18:37:00,2.0124583658536306,Delivery completed
405,405,2023-08-28 09:00:00,5,6,Delivered,2023-08-28 09:51:00,6.573875890385115,Delivery completed
406,406,2023-07-17 00:00:00,3,4,Delivered,2023-07-17 00:25:00,2.691622857853533,Delivery completed
407,407,2023-12-18 05:00:00,5,5,Failed,2023-12-18 06:57:00,2.8878766774781965,Delivery completed
408,408,2023-04-28 03:00:00,1,5,In Transit,2023-04-28 04:32:00,6.140502497394843,Delivery completed
409,409,2023-02-05 04:00:00,4,2,In Transit,2023-02-05 04:14:00,3.741659328992587,Delivery completed
410,410,2023-12-07 08:00:00,5,3,In Transit,2023-12-07 09:09:00,7.937854324823848,Delivery completed
411,411,2023-05-21 12:00:00,1,8,In Transit,2023-05-21 12:24:00,3.3679123518085268,Delivery completed
412,412,2023-03-20 09:00:00,5,1,Delivered,2023-03-20 09:01:00,4.715081140306364,Delivery completed
413,413,2023-08-08 04:00:00,1,5,In Transit,2023-08-08 05:30:00,7.804755572630789,Delivery completed
414,414,2023-09-11 12:00:00,2,3,Delivered,2023-09-11 13:51:00,7.278797199220955,Delivery completed
415,415,2023-05-30 20:00:00,4,10,In Transit,2023-05-30 21:17:00,7.92306619423195,Delivery completed
416,416,2023-04-25 13:00:00,3,10,Delivered,2023-04-25 14:28:00,2.5874027076798143,Delivery completed
417,417,2023-08-09 02:00:00,3,10,In Transit,2023-08-09 02:27:00,5.256243077650451,Delivery completed
418,418,2023-01-07 21:00:00,1,3,Delivered,2023-01-07 22:29:00,5.265486738218866,Delivery completed
419,419,2023-09-06 18:00:00,1,4,Failed,2023-09-06 18:43:00,5.544683821463952,Delivery completed
420,420,2023-01-17 08:00:00,1,8,Failed,2023-01-17 08:28:00,5.902137267579503,Delivery completed
421,421,2023-03-07 17:00:00,2,2,In Transit,2023-03-07 18:28:00,5.753109305810037,Delivery completed
422,422,2023-06-11 06:00:00,3,5,Delivered,2023-06-11 06:28:00,5.21734078628359,Delivery completed
423,423,2023-07-29 08:00:00,2,8,In Transit,2023-07-29 08:16:00,7.208373627881565,Delivery completed
424,424,2023-11-19 10:00:00,1,5,Delivered,2023-11-19 10:12:00,5.583647278678158,Delivery completed
425,425,2023-05-15 09:00:00,3,4,Failed,2023-05-15 09:58:00,5.253111868398592,Delivery completed
426,426,2023-09-12 10:00:00,5,3,In Transit,2023-09-12 11:11:00,3.995479608758528,Delivery completed
427,427,2023-08-30 10:00:00,5,10,Failed,2023-08-30 10:09:00,4.507443902762029,Delivery completed
428,428,2023-12-18 10:00:00,1,1,In Transit,2023-12-18 11:35:00,4.87294271188357,Delivery completed
429,429,2023-06-15 03:00:00,4,1,In Transit,2023-06-15 04:23:00,6.41122627368384,Delivery completed
430,430,2023-12-10 08:00:00,5,6,Delivered,2023-12-10 09:37:00,6.852428340678948,Delivery completed
431,431,2023-09-23 18:00:00,1,9,Delivered,2023-09-23 18:30:00,3.5718121635421314,Delivery completed
432,432,2023-12-13 11:00:00,3,4,In Transit,2023-12-13 11:49:00,5.082433024626943,Delivery completed
433,433,2023-08-06 21:00:00,4,6,Delivered,2023-08-06 21:23:00,6.4385061270821975,Delivery completed
434,434,2023-06-23 22:00:00,4,5,Failed,2023-06-23 23:21:00,6.790683667774366,Delivery completed
435,435,2023-01-28 14:00:00,1,6,In Transit,2023-01-28 15:38:00,7.3879847984566736,Delivery completed
436,436,2023-09-08 08:00:00,5,3,In Transit,2023-09-08 09:56:00,5.145713659409525,Delivery completed
437,437,2023-08-17 03:00:00,3,5,In Transit,2023-08-17 03:31:00,3.4956278608635074,Delivery completed
438,438,2023-12-10 09:00:00,5,9,Delivered,2023-12-10 10:08:00,2.79153528629271,Delivery completed
439,439,2023-06-23 12:00:00,2,9,Failed,2023-06-23 12:45:00,2.0328354407674345,Delivery completed
440,440,2023-10-11 01:00:00,4,2,Failed,2023-10-11 01:47:00,3.839661021622285,Delivery completed
441,441,2023-12-17 04:00:00,2,9,Delivered,2023-12-17 04:23:00,5.274978092906449,Delivery completed
442,442,2023-11-20 10:00:00,2,2,In Transit,2023-11-20 10:16:00,6.6579061600699045,Delivery completed
443,443,2023-10-05 19:00:00,4,10,In Transit,2023-10-05 20:08:00,6.192979541535088,Delivery completed
444,444,2023-01-26 10:00:00,2,3,In Transit,2023-01-26 11:28:00,7.7787629283297495,Delivery completed
445,445,2023-02-25 11:00:00,1,7,Delivered,2023-02-25 11:05:00,2.413845260527347,Delivery completed
446,446,2023-07-13 22:00:00,3,3,In Transit,2023-07-13 22:55:00,7.415034283795063,Delivery completed
447,447,2023-11-05 17:00:00,4,9,Delivered,2023-11-05 18:55:00,7.927814249298766,Delivery completed
448,448,2023-07-20 05:00:00,2,3,In Transit,2023-07-20 06:10:00,7.166533042331608,Delivery completed
449,449,2023-07-23 07:00:00,3,10,In Transit,2023-07-23 07:42:00,2.4173231708057212,Delivery completed
450,450,2023-03-25 12:00:00,1,10,Failed,2023-03-25 12:14:00,7.735232472184817,Delivery completed
451,451,2023-08-16 20:00:00,4,10,In Transit,2023-08-16 21:28:00,4.565623304873277,Delivery completed
452,452,2023-03-24 04:00:00,3,8,In Transit,2023-03-24 05:03:00,7.739579231459167,Delivery completed
453,453,2023-12-13 03:00:00,1,10,Delivered,2023-12-13 03:22:00,7.676031042373724,Delivery completed
454,454,2023-05-08 23:00:00,3,6,In Transit,2023-05-09 00:39:00,3.519565626045819,Delivery completed
455,455,2023-03-19 14:00:00,5,5,In Transit,2023-03-19 14:42:00,3.5077180270531967,Delivery completed
456,456,2023-07-09 11:00:00,5,8,In Transit,2023-07-09 12:52:00,4.293622302015713,Delivery completed
457,457,2023-12-15 16:00:00,5,9,In Transit,2023-12-15 16:35:00,6.688475666326315,Delivery completed
458,458,2023-04-12 22:00:00,2,1,In Transit,2023-04-12 23:41:00,5.494910031442251,Delivery completed
459,459,2023-08-16 13:00:00,1,7,Delivered,2023-08-16 13:03:00,7.017261496900565,Delivery completed
460,460,2023-03-01 01:00:00,3,3,In Transit,2023-03-01 01:09:00,2.315372270685173,Delivery completed
461,461,2023-05-19 21:00:00,1,3,Delivered,2023-05-19 22:27:00,2.7284530528460973,Delivery completed
462,462,2023-04-28 03:00:00,2,5,Failed,2023-04-28 03:10:00,6.762667044810928,Delivery completed
463,463,2023-01-30 04:00:00,3,9,Failed,2023-01-30 04:36:00,3.6902225413229957,Delivery completed
464,464,2023-12-10 09:00:00,3,1,In Transit,2023-12-10 10:36:00,4.847746829226784,Delivery completed
465,465,2023-11-05 16:00:00,5,2,In Transit,2023-11-05 16:52:00,4.245294520698619,Delivery completed
466,466,2023-02-17 23:00:00,4,10,Delivered,2023-02-18 00:26:00,7.7991713647823815,Delivery completed
467,467,2023-08-23 12:00:00,1,8,Failed,2023-08-23 13:51:00,6.758317213118572,Delivery completed
468,468,2023-01-09 10:00:00,3,10,In Transit,2023-01-09 10:41:00,7.136649329355165,Delivery completed
469,469,2023-04-25 16:00:00,2,7,Failed,2023-04-25 17:34:00,5.7877789659920795,Delivery completed
470,470,2023-06-21 15:00:00,3,8,In Transit,2023-06-21 15:00:00,2.737688120682292,Delivery completed
471,471,2023-01-11 23:00:00,1,8,Failed,2023-01-12 00:41:00,2.891144024782627,Delivery completed
472,472,2023-11-21 02:00:00,5,5,In Transit,2023-11-21 02:06:00,2.563641733917703,Delivery completed
473,473,2023-09-02 08:00:00,1,1,Failed,2023-09-02 08:11:00,3.8508852991933313,Delivery completed
474,474,2023-12-06 22:00:00,2,9,Delivered,2023-12-06 22:45:00,3.422746319311172,Delivery completed
475,475,2023-11-11 05:00:00,4,8,Failed,2023-11-11 06:32:00,5.710556374446276,Delivery completed
476,476,2023-10-07 07:00:00,2,10,Delivered,2023-10-07 07:08:00,2.6023616712677686,Delivery completed
477,477,2023-02-19 19:00:00,3,2,Delivered,2023-02-19 19:15:00,7.138334743804196,Delivery completed
478,478,2023-03-06 03:00:00,4,4,In Transit,2023-03-06 03:02:00,6.243376703216112,Delivery completed
479,479,2023-06-02 07:00:00,1,8,In Transit,2023-06-02 08:17:00,5.7108744313059585,Delivery completed
480,480,2024-01-02 07:00:00,4,10,Delivered,2024-01-02 08:28:00,4.259032560770855,Delivery completed
481,481,2023-08-02 11:00:00,3,8,Delivered,2023-08-02 12:14:00,6.419533764881228,Delivery completed
482,482,2023-12-16 06:00:00,3,6,In Transit,2023-12-16 07:58:00,3.2885308241928994,Delivery completed
483,483,2023-10-16 01:00:00,1,2,Failed,2023-10-16 01:24:00,3.8412218248086454,Delivery completed
484,484,2023-03-12 14:00:00,2,2,Failed,2023-03-12 14:21:00,4.228096268866226,Delivery completed
485,485,2023-08-23 13:00:00,4,4,Delivered,2023-08-23 13:46:00,7.33483572738155,Delivery completed
486,486,2023-04-10 19:00:00,4,10,In Transit,2023-04-10 19:35:00,4.004567855701139,Delivery completed
487,487,2023-05-18 13:00:00,3,3,In Transit,2023-05-18 13:38:00,2.0231410479391476,Delivery completed
488,488,2023-10-05 19:00:00,5,10,Failed,2023-10-05 20:30:00,6.727527594329002,Delivery completed
489,489,2023-10-18 02:00:00,2,6,Failed,2023-10-18 03:50:00,2.703099227803443,Delivery completed
490,490,2023-07-11 09:00:00,1,4,Failed,2023-07-11 10:04:00,4.126164813243045,Delivery completed
491,491,2023-01-28 04:00:00,1,4,Failed,2023-01-28 04:31:00,2.059552826937482,Delivery completed
492,492,2023-05-27 16:00:00,4,7,Delivered,2023-05-27 16:15:00,5.1035183397538795,Delivery completed
493,493,2023-06-11 11:00:00,4,1,Delivered,2023-06-11 12:26:00,7.253256047953091,Delivery completed
494,494,2023-07-15 16:00:00,1,4,Failed,2023-07-15 17:43:00,3.25814631556668,Delivery completed
495,495,2023-07-02 17:00:00,5,1,Delivered,2023-07-02 18:20:00,4.32572020031362,Delivery completed
496,496,2023-01-05 20:00:00,1,8,In Transit,2023-01-05 21:02:00,4.115185367654333,Delivery completed
497,497,2023-07-05 00:00:00,5,6,In Transit,2023-07-05 00:35:00,2.9703461009903216,Delivery completed
498,498,2023-12-02 12:00:00,1,9,Delivered,2023-12-02 13:40:00,6.330297657801934,Delivery completed
499,499,2023-04-02 19:00:00,3,10,Failed,2023-04-02 19:45:00,2.6239719148261074,Delivery completed
500,500,2023-08-15 04:00:00,2,6,In Transit,2023-08-15 05:19:00,5.466691069073953,Delivery completed
501,501,2023-09-12 22:00:00,4,8,Failed,2023-09-12 23:37:00,2.5989274104608384,Delivery completed
502,502,2023-01-23 00:00:00,5,7,Failed,2023-01-23 01:13:00,7.325908374310303,Delivery completed
503,503,2023-02-16 10:00:00,4,7,Failed,2023-02-16 11:31:00,4.098686334665633,Delivery completed
504,504,2023-09-17 15:00:00,3,4,Failed,2023-09-17 15:49:00,5.563532956944548,Delivery completed
505,505,2023-03-07 02:00:00,2,1,In Transit,2023-03-07 02:16:00,6.235727512024031,Delivery completed
506,506,2023-05-02 16:00:00,1,2,Delivered,2023-05-02 16:24:00,2.468480656677875,Delivery completed
507,507,2023-02-07 04:00:00,2,10,Delivered,2023-02-07 05:14:00,4.105544560730183,Delivery completed
508,508,2023-05-07 16:00:00,3,5,Delivered,2023-05-07 16:37:00,6.452143281099655,Delivery completed
509,509,2023-10-08 04:00:00,5,4,In Transit,2023-10-08 04:13:00,5.122569880660041,Delivery completed
510,510,2023-01-04 02:00:00,4,3,In Transit,2023-01-04 03:18:00,7.9560936862322045,Delivery completed
511,511,2023-04-09 19:00:00,5,10,In Transit,2023-04-09 19:27:00,2.914114884615263,Delivery completed
512,512,2023-04-24 14:00:00,4,5,In Transit,2023-04-24 14:39:00,2.6551967998404145,Delivery completed
513,513,2023-10-25 12:00:00,1,6,Delivered,2023-10-25 12:36:00,2.850209801982033,Delivery completed
514,514,2023-07-29 00:00:00,5,9,Failed,2023-07-29 01:54:00,3.418762557066571,Delivery completed
515,515,2023-04-08 08:00:00,4,10,In Transit,2023-04-08 08:10:00,3.111076839125939,Delivery completed
516,516,2023-12-10 04:00:00,4,3,In Transit,2023-12-10 04:18:00,7.528361423228832,Delivery completed
517,517,2023-01-04 13:00:00,5,8,Delivered,2023-01-04 14:37:00,4.815998404049778,Delivery completed
518,518,2023-02-06 18:00:00,4,10,Failed,2023-02-06 18:23:00,4.660303000130844,Delivery completed
519,519,2023-07-02 02:00:00,2,7,In Transit,2023-07-02 02:25:00,2.9760451772225336,Delivery completed
520,520,2023-12-04 08:00:00,1,3,Failed,2023-12-04 09:47:00,3.3110249950964796,Delivery completed
521,521,2023-11-02 07:00:00,1,6,Failed,2023-11-02 08:14:00,6.918803344091117,Delivery completed
522,522,2023-05-03 17:00:00,4,5,Failed,2023-05-03 17:09:00,4.92984945611515,Delivery completed
523,523,2023-12-25 18:00:00,2,2,In Transit,2023-12-25 19:43:00,2.9903855700049045,Delivery completed
524,524,2023-11-20 01:00:00,1,2,Failed,2023-11-20 02:02:00,2.2846258794996,Delivery completed
525,525,2023-04-05 12:00:00,4,6,In Transit,2023-04-05 13:10:00,2.436080984950208,Delivery completed
526,526,2023-05-06 18:00:00,2,5,In Transit,2023-05-06 18:31:00,2.200287654841903,Delivery completed
527,527,2023-08-14 03:00:00,4,4,Failed,2023-08-14 03:31:00,4.881044977500349,Delivery completed
528,528,2023-05-23 14:00:00,4,8,Failed,2023-05-23 15:11:00,5.25765151335937,Delivery completed
529,529,2023-05-17 04:00:00,5,2,Delivered,2023-05-17 04:52:00,6.748017388528455,Delivery completed
530,530,2023-06-29 17:00:00,2,5,Failed,2023-06-29 17:54:00,2.4935353053153815,Delivery completed
531,531,2023-10-08 09:00:00,5,9,Delivered,2023-10-08 10:56:00,6.2110106681773685,Delivery completed
532,532,2023-04-14 12:00:00,3,2,Delivered,2023-04-14 12:36:00,3.6175393245326513,Delivery completed
533,533,2023-04-10 06:00:00,2,2,Failed,2023-04-10 07:14:00,3.265941097417606,Delivery completed
534,534,2023-04-24 12:00:00,2,5,In Transit,2023-04-24 12:02:00,6.103620716637032,Delivery completed
535,535,2023-10-17 09:00:00,4,7,In Transit,2023-10-17 09:38:00,3.8379457566883177,Delivery completed
536,536,2023-11-01 09:00:00,2,6,Delivered,2023-11-01 09:21:00,5.076007489369099,Delivery completed
537,537,2023-07-23 17:00:00,1,4,Delivered,2023-07-23 18:44:00,7.984995947263895,Delivery completed
538,538,2023-04-09 09:00:00,5,10,In Transit,2023-04-09 10:50:00,2.4265953401138756,Delivery completed
539,539,2023-10-10 20:00:00,4,8,In Transit,2023-10-10 20:37:00,2.278967900336264,Delivery completed
540,540,2023-10-02 00:00:00,2,4,Failed,2023-10-02 01:18:00,5.273452268349615,Delivery completed
541,541,2023-10-14 05:00:00,4,3,Delivered,2023-10-14 06:01:00,4.632179649954434,Delivery completed
542,542,2023-06-20 19:00:00,2,1,Failed,2023-06-20 20:11:00,4.725887663010884,Delivery completed
543,543,2023-01-30 15:00:00,3,9,In Transit,2023-01-30 16:34:00,4.633684464912473,Delivery completed
544,544,2023-08-12 08:00:00,1,3,Failed,2023-08-12 09:23:00,2.8508994391778675,Delivery completed
545,545,2023-07-20 07:00:00,2,5,Delivered,2023-07-20 08:03:00,4.294137297110679,Delivery completed
546,546,2023-10-05 16:00:00,4,4,Delivered,2023-10-05 16:58:00,4.018067106067741,Delivery completed
547,547,2023-06-26 14:00:00,4,5,In Transit,2023-06-26 15:29:00,6.429903857348636,Delivery completed
548,548,2023-07-20 02:00:00,1,10,In Transit,2023-07-20 02:25:00,5.633388102134846,Delivery completed
549,549,2023-12-30 01:00:00,5,4,Delivered,2023-12-30 01:02:00,3.7840231781373532,Delivery completed
550,550,2023-10-18 12:00:00,4,3,Delivered,2023-10-18 13:02:00,4.006880894249286,Delivery completed
551,551,2023-10-11 21:00:00,2,10,Delivered,2023-10-11 21:24:00,5.505459529963446,Delivery completed
552,552,2023-11-15 09:00:00,3,4,In Transit,2023-11-15 10:49:00,4.823632791036725,Delivery completed
553,553,2023-02-13 15:00:00,1,1,Delivered,2023-02-13 15:05:00,7.725211338164598,Delivery completed
554,554,2023-09-09 16:00:00,2,8,In Transit,2023-09-09 16:02:00,3.457563872553598,Delivery completed
555,555,2023-04-30 15:00:00,2,5,Delivered,2023-04-30 15:58:00,5.971919908731009,Delivery completed
556,556,2023-06-14 11:00:00,5,6,Delivered,2023-06-14 12:30:00,5.528157614728435,Delivery completed
557,557,2023-11-01 15:00:00,3,6,In Transit,2023-11-01 15:29:00,6.384256311783498,Delivery completed
558,558,2023-03-19 00:00:00,1,5,In Transit,2023-03-19 00:11:00,6.607660772788069,Delivery completed
559,559,2023-08-30 18:00:00,4,8,Failed,2023-08-30 18:50:00,3.3217564810832987,Delivery completed
560,560,2023-11-09 10:00:00,1,7,Delivered,2023-11-09 10:04:00,6.215409165063004,Delivery completed
561,561,2023-07-08 10:00:00,3,9,In Transit,2023-07-08 11:30:00,6.815012980081734,Delivery completed
562,562,2023-07-09 20:00:00,3,1,In Transit,2023-07-09 21:39:00,2.720277001242141,Delivery completed
563,563,2023-11-17 11:00:00,1,7,In Transit,2023-11-17 11:30:00,2.6724548143484297,Delivery completed
564,564,2023-06-22 12:00:00,4,1,Failed,2023-06-22 12:00:00,7.702016909396319,Delivery completed
565,565,2023-09-23 13:00:00,1,8,Delivered,2023-09-23 13:49:00,5.412177303429003,Delivery completed
566,566,2023-08-12 10:00:00,5,8,In Transit,2023-08-12 11:00:00,4.865169810389936,Delivery completed
567,567,2023-09-07 20:00:00,4,3,Delivered,2023-09-07 21:02:00,5.490938361892733,Delivery completed
568,568,2023-02-20 00:00:00,5,6,In Transit,2023-02-20 00:25:00,6.8857413522067,Delivery completed
569,569,2023-04-23 22:00:00,4,4,Failed,2023-04-23 23:13:00,7.563875362887415,Delivery completed
570,570,2024-01-02 02:00:00,1,8,In Transit,2024-01-02 02:29:00,2.4048492964602035,Delivery completed
571,571,2023-12-30 11:00:00,1,7,Failed,2023-12-30 11:12:00,2.7812765565361843,Delivery completed
572,572,2023-02-05 22:00:00,4,7,In Transit,2023-02-05 23:00:00,6.378345102293661,Delivery completed
573,573,2023-10-31 04:00:00,2,2,In Transit,2023-10-31 04:10:00,2.332248590278925,Delivery completed
574,574,2023-11-03 21:00:00,4,5,In Transit,2023-11-03 22:59:00,3.3981417471218887,Delivery completed
575,575,2023-01-21 15:00:00,2,2,Failed,2023-01-21 15:56:00,4.365891292485541,Delivery completed
576,576,2023-09-16 00:00:00,5,8,Failed,2023-09-16 01:45:00,2.3742132641285343,Delivery completed
577,577,2023-09-28 06:00:00,1,10,Failed,2023-09-28 07:16:00,6.976541515516056,Delivery completed
578,578,2023-11-01 15:00:00,5,7,Delivered,2023-11-01 15:47:00,4.728562098276747,Delivery completed
579,579,2023-01-22 03:00:00,5,6,In Transit,2023-01-22 04:48:00,5.440481503588524,Delivery completed
580,580,2023-03-08 21:00:00,4,7,In Transit,2023-03-08 21:58:00,2.2401866122334972,Delivery completed
581,581,2023-10-11 14:00:00,5,8,Failed,2023-10-11 15:21:00,7.395652395029958,Delivery completed
582,582,2023-06-07 06:00:00,4,6,Delivered,2023-06-07 07:38:00,6.833692731678807,Delivery completed
583,583,2023-12-05 05:00:00,3,2,In Transit,2023-12-05 05:42:00,3.590863436376776,Delivery completed
584,584,2023-07-17 04:00:00,5,7,In Transit,2023-07-17 04:43:00,3.857800858370836,Delivery completed
585,585,2023-03-22 11:00:00,2,9,Failed,2023-03-22 11:27:00,7.32621834076616,Delivery completed
586,586,2023-02-24 16:00:00,2,1,In Transit,2023-02-24 16:01:00,5.06879463831922,Delivery completed
587,587,2023-10-05 04:00:00,5,4,In Transit,2023-10-05 05:20:00,4.578380447187113,Delivery completed
588,588,2023-08-30 17:00:00,4,8,Delivered,2023-08-30 18:02:00,5.827428112467046,Delivery completed
589,589,2023-11-07 08:00:00,4,10,In Transit,2023-11-07 08:01:00,2.0307190655556164,Delivery completed
590,590,2023-04-22 16:00:00,5,9,Delivered,2023-04-22 17:42:00,5.221657632318336,Delivery completed
591,591,2023-11-11 18:00:00,2,5,In Transit,2023-11-11 19:04:00,2.0189037998662336,Delivery completed
592,592,2023-03-11 01:00:00,2,4,Failed,2023-03-11 02:42:00,7.829200338131083,Delivery completed
593,593,2023-12-15 22:00:00,3,4,Failed,2023-12-15 23:29:00,2.7749202558148305,Delivery completed
594,594,2023-11-11 10:00:00,5,3,Delivered,2023-11-11 11:52:00,7.067753793184075,Delivery completed
595,595,2023-04-30 09:00:00,3,10,Failed,2023-04-30 10:27:00,6.5095458237448,Delivery completed
596,596,2023-05-24 19:00:00,3,9,Delivered,2023-05-24 19:39:00,3.637606859215091,Delivery completed
597,597,2023-12-14 23:00:00,5,3,Failed,2023-12-15 00:20:00,4.708613516702312,Delivery completed
598,598,2023-02-09 12:00:00,1,4,In Transit,2023-02-09 13:55:00,5.814711574174402,Delivery completed
599,599,2023-08-06 06:00:00,5,5,Failed,2023-08-06 07:43:00,2.4192742876273727,Delivery completed
600,600,2023-03-06 12:00:00,5,3,In Transit,2023-03-06 13:54:00,5.204661946879066,Delivery completed
601,601,2023-06-30 02:00:00,5,1,Delivered,2023-06-30 03:14:00,2.015755541923407,Delivery completed
602,602,2023-03-13 10:00:00,4,2,In Transit,2023-03-13 11:23:00,6.117271663233447,Delivery completed
603,603,2023-07-04 01:00:00,2,8,Failed,2023-07-04 01:50:00,3.1526413782941707,Delivery completed
604,604,2023-12-09 12:00:00,2,5,Delivered,2023-12-09 12:26:00,7.092515615736679,Delivery completed
605,605,2023-12-29 19:00:00,3,6,Delivered,2023-12-29 19:47:00,4.287682238924302,Delivery completed
606,606,2023-04-21 10:00:00,3,2,In Transit,2023-04-21 10:04:00,5.345086211417944,Delivery completed
607,607,2023-01-31 02:00:00,4,10,Delivered,2023-01-31 02:18:00,7.7336762625231295,Delivery completed
608,608,2023-01-12 16:00:00,1,10,In Transit,2023-01-12 16:38:00,7.672999001866377,Delivery completed
609,609,2023-02-19 19:00:00,2,10,In Transit,2023-02-19 19:13:00,7.483351175806447,Delivery completed
610,610,2023-02-04 21:00:00,3,5,Failed,2023-02-04 22:01:00,4.979352838014675,Delivery completed
611,611,2023-08-25 01:00:00,2,7,Failed,2023-08-25 01:46:00,7.309235928004992,Delivery completed
612,612,2023-07-04 18:00:00,3,9,In Transit,2023-07-04 18:40:00,6.595825458838849,Delivery completed
613,613,2023-06-04 00:00:00,2,3,Delivered,2023-06-04 01:15:00,4.961224155745371,Delivery completed
614,614,2023-09-21 23:00:00,3,2,Failed,2023-09-21 23:35:00,7.973145011871852,Delivery completed
615,615,2023-12-06 03:00:00,5,6,Failed,2023-12-06 04:06:00,5.82540572127723,Delivery completed
616,616,2023-08-31 12:00:00,3,1,Failed,2023-08-31 12:09:00,7.170004877590166,Delivery completed
617,617,2023-03-11 12:00:00,4,5,Failed,2023-03-11 13:15:00,3.1890310597026437,Delivery completed
618,618,2023-12-01 08:00:00,5,7,Failed,2023-12-01 08:31:00,2.3710605428081553,Delivery completed
619,619,2023-10-12 12:00:00,4,10,In Transit,2023-10-12 12:47:00,3.293225364024297,Delivery completed
620,620,2023-11-25 10:00:00,4,3,In Transit,2023-11-25 10:21:00,3.503294781209663,Delivery completed
621,621,2023-03-30 11:00:00,3,3,In Transit,2023-03-30 12:00:00,5.764344327532902,Delivery completed
622,622,2023-05-21 22:00:00,3,3,Delivered,2023-05-21 23:17:00,5.242194889099978,Delivery completed
623,623,2023-01-28 14:00:00,3,5,Failed,2023-01-28 15:41:00,4.485359832514645,Delivery completed
624,624,2023-07-01 05:00:00,3,3,Delivered,2023-07-01 05:51:00,7.572817802490761,Delivery completed
625,625,2023-06-12 12:00:00,5,6,In Transit,2023-06-12 13:33:00,2.8906450070691836,Delivery completed
626,626,2023-09-25 06:00:00,1,1,Delivered,2023-09-25 07:34:00,2.546902479548951,Delivery completed
627,627,2023-11-23 07:00:00,4,7,Failed,2023-11-23 07:53:00,4.460207904102456,Delivery completed
628,628,2023-08-11 09:00:00,2,9,Failed,2023-08-11 09:35:00,6.1537638425942465,Delivery completed
629,629,2023-05-11 15:00:00,5,7,In Transit,2023-05-11 15:03:00,7.200944077308398,Delivery completed
630,630,2023-09-14 12:00:00,3,4,In Transit,2023-09-14 13:08:00,4.772798181788456,Delivery completed
631,631,2023-11-26 00:00:00,3,9,In Transit,2023-11-26 00:17:00,5.433649690849709,Delivery completed
632,632,2023-04-27 10:00:00,1,3,Delivered,2023-04-27 11:23:00,7.031721509721532,Delivery completed
633,633,2023-05-03 02:00:00,4,9,Delivered,2023-05-03 03:51:00,2.662926022146233,Delivery completed
634,634,2023-11-07 12:00:00,2,6,Delivered,2023-11-07 13:45:00,6.97945934796855,Delivery completed
635,635,2023-07-05 03:00:00,5,9,Delivered,2023-07-05 03:51:00,4.042236965208301,Delivery completed
636,636,2023-10-10 03:00:00,5,4,In Transit,2023-10-10 04:48:00,5.621766481204464,Delivery completed
637,637,2023-08-13 02:00:00,2,7,Delivered,2023-08-13 02:29:00,5.210253553572072,Delivery completed
638,638,2023-11-13 10:00:00,2,9,Failed,2023-11-13 10:43:00,5.186713412533173,Delivery completed
639,639,2023-05-01 13:00:00,3,9,Delivered,2023-05-01 13:09:00,6.159889119591759,Delivery completed
640,640,2023-11-10 13:00:00,2,7,In Transit,2023-11-10 13:09:00,7.2493076209684535,Delivery completed
641,641,2023-12-04 19:00:00,1,9,In Transit,2023-12-04 19:19:00,6.215330429485549,Delivery completed
642,642,2023-02-11 11:00:00,5,4,Failed,2023-02-11 12:23:00,2.8716989666000465,Delivery completed
643,643,2023-06-23 07:00:00,5,6,In Transit,2023-06-23 08:51:00,5.224522871039267,Delivery completed
644,644,2023-02-18 22:00:00,4,8,In Transit,2023-02-18 23:32:00,5.130687886192992,Delivery completed
645,645,2023-12-08 11:00:00,5,1,In Transit,2023-12-08 11:04:00,2.886817689511487,Delivery completed
646,646,2023-08-05 02:00:00,2,3,Delivered,2023-08-05 02:40:00,3.1019860646313355,Delivery completed
647,647,2023-02-12 00:00:00,5,5,Delivered,2023-02-12 00:32:00,6.787112550477206,Delivery completed
648,648,2023-08-31 10:00:00,3,8,Failed,2023-08-31 10:29:00,3.4037918627623416,Delivery completed
649,649,2023-11-18 10:00:00,1,9,In Transit,2023-11-18 10:11:00,5.6409096859759025,Delivery completed
650,650,2023-08-03 14:00:00,2,10,In Transit,2023-08-03 15:44:00,4.249959084656954,Delivery completed
651,651,2023-03-28 00:00:00,4,6,Delivered,2023-03-28 01:47:00,6.1663152558876995,Delivery completed
652,652,2023-06-08 12:00:00,1,5,In Transit,2023-06-08 13:20:00,2.868856990897539,Delivery completed
653,653,2023-03-13 02:00:00,2,6,Delivered,2023-03-13 02:00:00,5.595397302173199,Delivery completed
654,654,2023-08-08 08:00:00,1,3,Delivered,2023-08-08 08:12:00,3.1089545789792705,Delivery completed
655,655,2023-02-11 01:00:00,3,7,Failed,2023-02-11 02:32:00,3.714028993464908,Delivery completed
656,656,2023-07-20 17:00:00,1,5,Failed,2023-07-20 17:35:00,4.811398593236774,Delivery completed
657,657,2023-02-28 21:00:00,5,1,Failed,2023-02-28 21:26:00,6.502027782208428,Delivery completed
658,658,2023-02-04 10:00:00,4,10,Delivered,2023-02-04 11:56:00,3.7888634750437533,Delivery completed
659,659,2023-12-14 15:00:00,2,9,In Transit,2023-12-14 16:53:00,5.271565220346048,Delivery completed
660,660,2023-02-04 04:00:00,2,5,Delivered,2023-02-04 05:08:00,4.535833929723749,Delivery completed
661,661,2023-09-10 01:00:00,1,8,Failed,2023-09-10 01:28:00,7.353128065442921,Delivery completed
662,662,2023-11-01 03:00:00,2,5,Delivered,2023-11-01 04:03:00,4.5902822030976385,Delivery completed
663,663,2023-11-06 02:00:00,1,6,Delivered,2023-11-06 03:39:00,5.066942891756214,Delivery completed
664,664,2023-01-22 04:00:00,5,1,Delivered,2023-01-22 04:36:00,6.5646194211343465,Delivery completed
665,665,2023-01-21 12:00:00,5,5,Delivered,2023-01-21 12:55:00,5.982182867938394,Delivery completed
666,666,2023-05-24 16:00:00,3,2,In Transit,2023-05-24 17:58:00,4.714640335479281,Delivery completed
667,667,2023-03-04 16:00:00,5,4,Failed,2023-03-04 17:21:00,6.067617429730121,Delivery completed
668,668,2023-07-04 11:00:00,3,5,Failed,2023-07-04 12:33:00,4.453416524517879,Delivery completed
669,669,2023-08-24 12:00:00,4,9,In Transit,2023-08-24 13:45:00,3.8220519944940654,Delivery completed
670,670,2023-09-16 03:00:00,4,9,Delivered,2023-09-16 03:42:00,7.23090704852336,Delivery completed
671,671,2023-03-31 13:00:00,2,3,In Transit,2023-03-31 14:09:00,6.66327235278575,Delivery completed
672,672,2023-09-13 02:00:00,4,2,Delivered,2023-09-13 02:43:00,7.613119261234969,Delivery completed
673,673,2023-08-30 00:00:00,4,9,Delivered,2023-08-30 01:42:00,7.369357747479874,Delivery completed
674,674,2023-06-25 04:00:00,3,3,In Transit,2023-06-25 05:48:00,3.5889685165513514,Delivery completed
675,675,2023-03-24 04:00:00,1,2,Delivered,2023-03-24 05:35:00,4.250779776173957,Delivery completed
676,676,2023-05-16 22:00:00,4,9,Delivered,2023-05-16 22:48:00,4.219763490089942,Delivery completed
677,677,2023-10-24 23:00:00,4,5,Delivered,2023-10-24 23:13:00,3.145366493642577,Delivery completed
678,678,2023-06-27 20:00:00,5,9,Failed,2023-06-27 21:27:00,4.30097613995577,Delivery completed
679,679,2023-09-21 04:00:00,2,1,Delivered,2023-09-21 05:21:00,3.0991510724170155,Delivery completed
680,680,2023-02-25 16:00:00,2,6,Failed,2023-02-25 16:19:00,2.0770647704991823,Delivery completed
681,681,2023-09-26 22:00:00,2,6,Delivered,2023-09-26 22:36:00,5.874184238423834,Delivery completed
682,682,2023-11-03 18:00:00,3,6,In Transit,2023-11-03 19:55:00,5.634514962588817,Delivery completed
683,683,2023-08-31 01:00:00,3,2,Delivered,2023-08-31 02:57:00,3.185170295352875,Delivery completed
684,684,2023-03-28 07:00:00,5,8,Failed,2023-03-28 08:09:00,2.9837628983795503,Delivery completed
685,685,2023-07-15 23:00:00,1,6,In Transit,2023-07-15 23:11:00,6.095750654324744,Delivery completed
686,686,2023-01-19 09:00:00,4,3,In Transit,2023-01-19 10:21:00,2.9747208299535326,Delivery completed
687,687,2023-05-21 02:00:00,2,8,Delivered,2023-05-21 03:06:00,2.445167829684059,Delivery completed
688,688,2023-04-29 14:00:00,2,9,In Transit,2023-04-29 14:09:00,3.8973167247515184,Delivery completed
689,689,2023-05-16 12:00:00,2,6,Delivered,2023-05-16 14:00:00,6.871302352527481,Delivery completed
690,690,2023-07-15 02:00:00,3,4,In Transit,2023-07-15 02:31:00,3.265550372350461,Delivery completed
691,691,2023-08-14 22:00:00,1,10,Delivered,2023-08-14 22:11:00,3.4514522761390953,Delivery completed
692,692,2023-08-31 18:00:00,1,3,In Transit,2023-08-31 18:42:00,7.740936216628406,Delivery completed
693,693,2023-11-30 13:00:00,1,5,Delivered,2023-11-30 14:21:00,5.069886083406634,Delivery completed
694,694,2023-04-14 13:00:00,5,1,In Transit,2023-04-14 13:22:00,2.994942551041933,Delivery completed
695,695,2023-11-20 04:00:00,4,1,In Transit,2023-11-20 04:01:00,3.189487068059573,Delivery completed
696,696,2023-05-19 16:00:00,5,1,Failed,2023-05-19 16:43:00,7.499149049290498,Delivery completed
697,697,2023-06-30 04:00:00,3,6,In Transit,2023-06-30 06:00:00,4.008287906113701,Delivery completed
698,698,2023-06-22 13:00:00,1,2,Failed,2023-06-22 14:30:00,4.768264996584643,Delivery completed
699,699,2023-08-01 16:00:00,2,10,Delivered,2023-08-01 16:58:00,6.616953818589988,Delivery completed
700,700,2023-10-21 04:00:00,2,3,Failed,2023-10-21 04:13:00,4.5016413345600315,Delivery completed
701,701,2023-09-26 03:00:00,4,10,In Transit,2023-09-26 04:30:00,4.4837659166031605,Delivery completed
702,702,2023-11-13 04:00:00,5,1,In Transit,2023-11-13 04:26:00,3.7484003425834587,Delivery completed
703,703,2023-07-14 07:00:00,2,9,In Transit,2023-07-14 07:04:00,4.102405822601917,Delivery completed
704,704,2023-08-27 08:00:00,3,10,Failed,2023-08-27 08:01:00,4.717789985497875,Delivery completed
705,705,2023-01-31 23:00:00,4,5,In Transit,2023-02-01 00:19:00,2.7025064654650084,Delivery completed
706,706,2023-02-05 20:00:00,5,1,Delivered,2023-02-05 20:40:00,4.216403201806209,Delivery completed
707,707,2023-04-25 19:00:00,1,8,Failed,2023-04-25 20:11:00,5.943124686676364,Delivery completed
708,708,2023-03-31 07:00:00,3,1,Delivered,2023-03-31 08:16:00,3.588027360242264,Delivery completed
709,709,2023-04-23 07:00:00,2,5,In Transit,2023-04-23 08:12:00,5.717402685165409,Delivery completed
710,710,2023-10-14 20:00:00,1,8,Delivered,2023-10-14 21:35:00,3.7544217723382394,Delivery completed
711,711,2023-03-16 21:00:00,2,10,Failed,2023-03-16 22:14:00,5.263532444141263,Delivery completed
712,712,2023-12-07 04:00:00,5,7,Failed,2023-12-07 04:58:00,4.837681777457547,Delivery completed
713,713,2023-08-02 21:00:00,3,3,In Transit,2023-08-02 22:38:00,5.0669910184952505,Delivery completed
714,714,2023-09-14 14:00:00,5,10,In Transit,2023-09-14 15:35:00,5.308261996400633,Delivery completed
715,715,2023-09-02 07:00:00,3,1,Delivered,2023-09-02 07:13:00,7.31559677774382,Delivery completed
716,716,2023-07-11 16:00:00,2,3,Delivered,2023-07-11 17:20:00,3.127742631286669,Delivery completed
717,717,2023-11-29 10:00:00,3,4,In Transit,2023-11-29 11:06:00,2.662450658974722,Delivery completed
718,718,2023-04-05 08:00:00,2,6,In Transit,2023-04-05 08:34:00,4.178718716882771,Delivery completed
719,719,2023-10-26 04:00:00,2,3,Delivered,2023-10-26 05:19:00,2.286888112690651,Delivery completed
720,720,2023-05-04 23:00:00,2,4,Delivered,2023-05-05 00:19:00,2.3662759749711197,Delivery completed
721,721,2023-06-17 22:00:00,4,2,Failed,2023-06-17 23:22:00,5.975249072808562,Delivery completed
722,722,2023-07-06 21:00:00,3,5,In Transit,2023-07-06 22:56:00,4.488108618474433,Delivery completed
723,723,2023-02-28 08:00:00,1,5,Failed,2023-02-28 09:33:00,5.647353058863347,Delivery completed
724,724,2023-11-20 12:00:00,4,6,Failed,2023-11-20 13:49:00,2.91141189252898,Delivery completed
725,725,2023-03-18 00:00:00,4,7,Failed,2023-03-18 00:25:00,3.806652109621658,Delivery completed
726,726,2023-10-28 09:00:00,3,4,Failed,2023-10-28 09:27:00,2.914101457536409,Delivery completed
727,727,2023-11-19 19:00:00,3,2,Failed,2023-11-19 20:25:00,3.984996334374152,Delivery completed
728,728,2023-10-03 19:00:00,1,3,In Transit,2023-10-03 20:53:00,6.1258478825410805,Delivery completed
729,729,2023-11-24 10:00:00,5,9,Delivered,2023-11-24 10:15:00,7.785891364462051,Delivery completed
730,730,2023-12-31 22:00:00,2,1,In Transit,2023-12-31 23:50:00,2.2530497745533493,Delivery completed
731,731,2023-12-18 21:00:00,4,1,Failed,2023-12-18 21:48:00,6.240642975273797,Delivery completed
732,732,2023-03-31 08:00:00,3,4,Delivered,2023-03-31 08:48:00,4.04098792183382,Delivery completed
733,733,2023-01-26 01:00:00,2,3,In Transit,2023-01-26 02:56:00,5.715371403385538,Delivery completed
734,734,2023-07-05 10:00:00,1,4,Failed,2023-07-05 10:13:00,6.820946186086983,Delivery completed
735,735,2023-11-02 22:00:00,4,10,In Transit,2023-11-02 23:49:00,6.5210197467730175,Delivery completed
736,736,2023-04-16 04:00:00,1,2,Failed,2023-04-16 04:18:00,4.215805273636766,Delivery completed
737,737,2023-11-01 02:00:00,3,7,In Transit,2023-11-01 02:30:00,7.638405049590818,Delivery completed
738,738,2024-01-01 20:00:00,5,9,In Transit,2024-01-01 21:21:00,2.9232952168051747,Delivery completed
739,739,2023-11-18 09:00:00,2,4,Delivered,2023-11-18 09:13:00,6.696275453024766,Delivery completed
740,740,2023-02-28 13:00:00,1,9,Failed,2023-02-28 13:03:00,3.2831630655823467,Delivery completed
741,741,2023-09-02 10:00:00,4,8,Failed,2023-09-02 11:30:00,5.199578651775382,Delivery completed
742,742,2023-12-27 23:00:00,4,7,In Transit,2023-12-27 23:12:00,2.8504266245872234,Delivery completed
743,743,2023-05-07 13:00:00,1,9,Failed,2023-05-07 13:12:00,2.0329461247846723,Delivery completed
744,744,2024-01-01 12:00:00,3,4,In Transit,2024-01-01 12:53:00,5.637852493329744,Delivery completed
745,745,2023-04-30 19:00:00,1,2,Failed,2023-04-30 19:06:00,6.5286602079171985,Delivery completed
746,746,2023-01-26 00:00:00,2,10,Failed,2023-01-26 01:19:00,4.376311178797748,Delivery completed
747,747,2023-04-17 13:00:00,4,3,In Transit,2023-04-17 13:13:00,5.860869945115885,Delivery completed
748,748,2023-05-12 20:00:00,3,5,Failed,2023-05-12 20:17:00,3.0883118282498203,Delivery completed
749,749,2023-06-04 00:00:00,2,1,Delivered,2023-06-04 00:10:00,6.092962076346839,Delivery completed
750,750,2023-01-17 14:00:00,5,1,In Transit,2023-01-17 14:00:00,3.2893199456737374,Delivery completed
751,751,2023-05-28 12:00:00,4,5,Failed,2023-05-28 13:04:00,6.678593339223546,Delivery completed
752,752,2023-07-19 07:00:00,5,10,Delivered,2023-07-19 08:00:00,5.841659577932843,Delivery completed
753,753,2023-06-09 18:00:00,3,7,Delivered,2023-06-09 18:58:00,3.13767107492333,Delivery completed
754,754,2023-01-12 01:00:00,5,4,Failed,2023-01-12 02:07:00,7.5508821969067865,Delivery completed
755,755,2023-06-06 22:00:00,2,8,In Transit,2023-06-06 22:14:00,6.293036189319188,Delivery completed
756,756,2023-09-24 12:00:00,2,5,Delivered,2023-09-24 13:17:00,7.37431392832725,Delivery completed
757,757,2023-06-11 04:00:00,4,9,Delivered,2023-06-11 04:03:00,7.724939696171109,Delivery completed
758,758,2023-11-09 07:00:00,3,9,Failed,2023-11-09 08:40:00,6.103961976476825,Delivery completed
759,759,2023-07-27 11:00:00,1,4,Failed,2023-07-27 12:19:00,3.836619889995264,Delivery completed
760,760,2023-07-30 20:00:00,2,3,In Transit,2023-07-30 21:55:00,2.581064877999861,Delivery completed
761,761,2023-03-25 05:00:00,3,1,Delivered,2023-03-25 05:50:00,4.036493341895499,Delivery completed
762,762,2023-12-17 05:00:00,5,6,In Transit,2023-12-17 06:34:00,3.9232111151054543,Delivery completed
763,763,2023-07-10 02:00:00,5,6,In Transit,2023-07-10 03:40:00,6.277670510820763,Delivery completed
764,764,2023-02-13 11:00:00,3,9,Failed,2023-02-13 11:10:00,4.44738493080943,Delivery completed
765,765,2023-11-04 13:00:00,4,10,Failed,2023-11-04 14:31:00,4.116010122939043,Delivery completed
766,766,2023-05-07 17:00:00,2,5,Delivered,2023-05-07 18:39:00,4.6563528953561075,Delivery completed
767,767,2023-12-10 22:00:00,3,1,Delivered,2023-12-10 22:49:00,2.717689841001661,Delivery completed
768,768,2023-03-07 16:00:00,2,9,In Transit,2023-03-07 16:11:00,3.2610120213055374,Delivery completed
769,769,2023-06-27 05:00:00,1,2,Failed,2023-06-27 05:11:00,7.553208741707211,Delivery completed
770,770,2023-01-10 22:00:00,2,4,Failed,2023-01-10 22:36:00,2.8766370014194127,Delivery completed
771,771,2023-01-21 20:00:00,4,2,Failed,2023-01-21 21:59:00,7.917572482952786,Delivery completed
772,772,2023-10-29 01:00:00,1,5,Delivered,2023-10-29 01:39:00,4.291101287237366,Delivery completed
773,773,2023-07-21 18:00:00,3,2,Delivered,2023-07-21 18:40:00,3.024640296238304,Delivery completed
774,774,2023-09-24 01:00:00,5,3,Delivered,2023-09-24 02:41:00,7.593131136480848,Delivery completed
775,775,2023-04-22 18:00:00,3,2,Delivered,2023-04-22 18:20:00,3.1551333812490387,Delivery completed
776,776,2023-01-20 18:00:00,3,2,Failed,2023-01-20 18:43:00,5.359349720866437,Delivery completed
777,777,2023-11-21 17:00:00,4,10,Delivered,2023-11-21 18:00:00,5.2461465910200635,Delivery completed
778,778,2023-03-30 20:00:00,1,1,In Transit,2023-03-30 21:20:00,2.6537689138569736,Delivery completed
779,779,2023-12-11 00:00:00,4,1,Failed,2023-12-11 00:11:00,3.948871164754153,Delivery completed
780,780,2023-03-10 17:00:00,3,7,In Transit,2023-03-10 18:40:00,5.867862298008906,Delivery completed
781,781,2023-08-18 13:00:00,5,7,Failed,2023-08-18 14:50:00,4.258397510842864,Delivery completed
782,782,2023-12-19 00:00:00,3,5,Delivered,2023-12-19 01:36:00,4.2608906274812295,Delivery completed
783,783,2023-11-11 10:00:00,4,7,Delivered,2023-11-11 11:56:00,3.373792114179448,Delivery completed
784,784,2023-10-25 20:00:00,4,1,Delivered,2023-10-25 20:54:00,6.186092821686608,Delivery completed
785,785,2023-07-01 20:00:00,3,2,Delivered,2023-07-01 20:59:00,6.196226250280066,Delivery completed
786,786,2023-09-13 09:00:00,2,3,In Transit,2023-09-13 09:42:00,5.102762221103994,Delivery completed
787,787,2023-08-12 13:00:00,1,1,Delivered,2023-08-12 13:25:00,6.937436370605214,Delivery completed
788,788,2023-03-06 15:00:00,1,7,Delivered,2023-03-06 16:27:00,3.6447561335961556,Delivery completed
789,789,2023-05-14 04:00:00,1,2,In Transit,2023-05-14 04:11:00,4.7262630165840775,Delivery completed
790,790,2023-11-16 07:00:00,2,4,Failed,2023-11-16 07:08:00,2.0008297635820353,Delivery completed
791,791,2023-02-20 05:00:00,2,8,Failed,2023-02-20 06:51:00,2.3416614421526547,Delivery completed
792,792,2023-03-19 17:00:00,2,9,Delivered,2023-03-19 18:07:00,2.194420150844884,Delivery completed
793,793,2023-03-05 19:00:00,3,8,In Transit,2023-03-05 20:04:00,3.4371415533522627,Delivery completed
794,794,2023-03-06 11:00:00,2,8,Failed,2023-03-06 12:35:00,4.310795313488844,Delivery completed
795,795,2023-10-21 16:00:00,3,5,In Transit,2023-10-21 16:01:00,5.461168827833416,Delivery completed
796,796,2023-06-12 19:00:00,2,6,Delivered,2023-06-12 20:31:00,7.893169419954587,Delivery completed
797,797,2023-10-08 15:00:00,5,9,In Transit,2023-10-08 15:38:00,4.559055159615442,Delivery completed
798,798,2023-03-23 09:00:00,3,3,In Transit,2023-03-23 10:07:00,3.1118230573955983,Delivery completed
799,799,2023-12-28 06:00:00,5,8,In Transit,2023-12-28 06:48:00,2.1542823804811677,Delivery completed
800,800,2023-11-29 03:00:00,1,8,In Transit,2023-11-29 04:50:00,6.3502184598687235,Delivery completed
801,801,2023-02-12 10:00:00,1,3,In Transit,2023-02-12 11:39:00,3.182075194089358,Delivery completed
802,802,2023-09-01 19:00:00,2,6,Delivered,2023-09-01 19:44:00,4.138165810544417,Delivery completed
803,803,2023-03-30 08:00:00,2,7,In Transit,2023-03-30 09:21:00,2.316988101722591,Delivery completed
804,804,2023-11-04 18:00:00,3,2,Delivered,2023-11-04 19:43:00,5.6531410102183495,Delivery completed
805,805,2023-11-25 02:00:00,1,1,In Transit,2023-11-25 02:01:00,5.06500449447455,Delivery completed
806,806,2023-11-03 04:00:00,1,3,In Transit,2023-11-03 04:12:00,6.2320978211362466,Delivery completed
807,807,2023-12-26 12:00:00,5,3,Failed,2023-12-26 12:27:00,2.077498967880681,Delivery completed
808,808,2023-09-19 00:00:00,2,8,In Transit,2023-09-19 00:10:00,6.0633365779551,Delivery completed
809,809,2023-11-25 08:00:00,1,1,Failed,2023-11-25 08:42:00,5.510364888726629,Delivery completed
810,810,2023-05-17 21:00:00,2,8,Failed,2023-05-17 22:17:00,4.743069301690768,Delivery completed
811,811,2023-12-26 14:00:00,5,10,Failed,2023-12-26 15:07:00,3.5150817659788434,Delivery completed
812,812,2023-10-07 16:00:00,5,7,Delivered,2023-10-07 17:20:00,6.901134028852283,Delivery completed
813,813,2023-10-04 00:00:00,1,1,Delivered,2023-10-04 01:57:00,5.9493604679543814,Delivery completed
814,814,2023-05-08 09:00:00,1,4,Delivered,2023-05-08 09:51:00,5.5160744010530625,Delivery completed
815,815,2023-03-20 06:00:00,3,2,Delivered,2023-03-20 06:02:00,7.62213041312246,Delivery completed
816,816,2023-02-09 12:00:00,3,7,In Transit,2023-02-09 13:41:00,5.524580041558497,Delivery completed
817,817,2023-03-12 02:00:00,3,4,Delivered,2023-03-12 03:14:00,6.047378584948294,Delivery completed
818,818,2023-05-30 12:00:00,3,5,In Transit,2023-05-30 13:50:00,6.242212710900936,Delivery completed
819,819,2023-11-09 04:00:00,1,4,In Transit,2023-11-09 04:03:00,5.263183465923675,Delivery completed
820,820,2023-01-25 11:00:00,4,1,In Transit,2023-01-25 12:04:00,6.089240068056468,Delivery completed
821,821,2023-03-27 00:00:00,1,8,In Transit,2023-03-27 01:20:00,7.06957305151287,Delivery completed
822,822,2023-11-16 02:00:00,3,1,In Transit,2023-11-16 03:16:00,5.397216646516068,Delivery completed
823,823,2023-07-01 11:00:00,3,9,Failed,2023-07-01 11:08:00,6.306655531013984,Delivery completed
824,824,2023-11-30 13:00:00,1,1,Delivered,2023-11-30 14:16:00,2.4402198812912848,Delivery completed
825,825,2023-11-07 17:00:00,1,2,Delivered,2023-11-07 18:57:00,6.436075851602725,Delivery completed
826,826,2023-12-10 01:00:00,3,1,Delivered,2023-12-10 02:37:00,6.868406587543085,Delivery completed
827,827,2023-10-20 22:00:00,3,3,In Transit,2023-10-20 23:47:00,4.568001505216618,Delivery completed
828,828,2023-12-24 00:00:00,4,7,Failed,2023-12-24 00:18:00,4.126072257751791,Delivery completed
829,829,2023-04-23 04:00:00,4,3,In Transit,2023-04-23 04:11:00,4.717771092627215,Delivery completed
830,830,2023-12-11 06:00:00,2,2,Failed,2023-12-11 07:33:00,5.187404950581763,Delivery completed
831,831,2023-10-31 07:00:00,2,7,Failed,2023-10-31 08:38:00,4.00573355975809,Delivery completed
832,832,2023-02-02 22:00:00,5,4,In Transit,2023-02-03 00:00:00,6.102421289384424,Delivery completed
833,833,2023-11-15 23:00:00,2,1,In Transit,2023-11-15 23:15:00,5.708996161817965,Delivery completed
834,834,2023-10-24 15:00:00,5,3,Delivered,2023-10-24 16:04:00,2.8336553977681653,Delivery completed
835,835,2023-08-10 01:00:00,1,7,Failed,2023-08-10 01:56:00,3.4232856999544055,Delivery completed
836,836,2023-11-11 00:00:00,2,2,In Transit,2023-11-11 00:50:00,5.613273050657811,Delivery completed
837,837,2023-09-05 13:00:00,5,10,Failed,2023-09-05 13:17:00,4.612722983597787,Delivery completed
838,838,2023-04-07 03:00:00,4,1,Delivered,2023-04-07 03:12:00,3.056615145558686,Delivery completed
839,839,2023-12-12 17:00:00,5,5,Delivered,2023-12-12 17:56:00,7.506554013379261,Delivery completed
840,840,2023-08-16 06:00:00,2,9,In Transit,2023-08-16 06:55:00,5.264411156408827,Delivery completed
841,841,2023-05-26 03:00:00,3,6,Failed,2023-05-26 04:15:00,7.143643216933898,Delivery completed
842,842,2023-01-22 11:00:00,3,7,Failed,2023-01-22 11:27:00,2.2858228333006054,Delivery completed
843,843,2023-12-16 02:00:00,5,4,Failed,2023-12-16 02:44:00,6.044019859617354,Delivery completed
844,844,2023-08-28 18:00:00,1,2,Failed,2023-08-28 18:09:00,6.079670488205288,Delivery completed
845,845,2023-10-18 20:00:00,2,3,Failed,2023-10-18 20:48:00,3.6268136329012486,Delivery completed
846,846,2023-06-18 09:00:00,5,1,In Transit,2023-06-18 09:14:00,5.706376019185131,Delivery completed
847,847,2023-09-15 19:00:00,4,3,In Transit,2023-09-15 20:02:00,7.090991067860337,Delivery completed
848,848,2023-01-16 08:00:00,5,4,In Transit,2023-01-16 08:36:00,3.5231318695019818,Delivery completed
849,849,2023-12-31 03:00:00,4,8,Delivered,2023-12-31 03:36:00,3.508222854295054,Delivery completed
850,850,2023-05-20 07:00:00,1,8,Delivered,2023-05-20 07:24:00,3.113637464945625,Delivery completed
851,851,2023-02-28 18:00:00,2,9,In Transit,2023-02-28 19:51:00,2.214305153208728,Delivery completed
852,852,2023-11-09 06:00:00,5,6,In Transit,2023-11-09 07:43:00,7.114456355281449,Delivery completed
853,853,2023-12-14 23:00:00,1,1,In Transit,2023-12-15 00:53:00,6.331053540977826,Delivery completed
854,854,2023-06-01 08:00:00,5,6,In Transit,2023-06-01 08:42:00,4.449163642204805,Delivery completed
855,855,2023-12-03 16:00:00,2,1,Delivered,2023-12-03 16:32:00,7.6143211165294,Delivery completed
856,856,2023-09-27 19:00:00,2,3,Delivered,2023-09-27 19:42:00,4.430717417287263,Delivery completed
857,857,2023-07-03 16:00:00,2,7,In Transit,2023-07-03 17:26:00,4.970861949797921,Delivery completed
858,858,2023-04-17 15:00:00,2,8,In Transit,2023-04-17 15:51:00,2.7674378203257595,Delivery completed
859,859,2023-02-16 22:00:00,4,8,In Transit,2023-02-16 23:35:00,5.821433846621399,Delivery completed
860,860,2023-01-19 08:00:00,3,2,Delivered,2023-01-19 09:58:00,7.107217967070047,Delivery completed
861,861,2023-05-20 19:00:00,3,3,In Transit,2023-05-20 20:08:00,2.830598403049734,Delivery completed
862,862,2023-12-18 20:00:00,3,8,In Transit,2023-12-18 21:06:00,7.338254397515367,Delivery completed
863,863,2023-11-28 20:00:00,2,1,Delivered,2023-11-28 21:08:00,4.781106580324537,Delivery completed
864,864,2023-11-07 13:00:00,1,10,In Transit,2023-11-07 14:06:00,4.290327453263528,Delivery completed
865,865,2023-11-23 09:00:00,1,10,Failed,2023-11-23 09:54:00,4.100947160449492,Delivery completed
866,866,2023-10-04 19:00:00,1,1,Failed,2023-10-04 20:25:00,5.058120844908293,Delivery completed
867,867,2023-12-25 02:00:00,5,8,In Transit,2023-12-25 03:01:00,6.472402037828329,Delivery completed
868,868,2023-01-13 22:00:00,4,10,Failed,2023-01-13 23:51:00,5.724512820460301,Delivery completed
869,869,2023-12-31 21:00:00,5,3,Failed,2023-12-31 21:24:00,4.919387218591877,Delivery completed
870,870,2023-07-07 04:00:00,4,8,Delivered,2023-07-07 04:53:00,3.976089489621777,Delivery completed
871,871,2023-09-28 12:00:00,5,8,Delivered,2023-09-28 13:32:00,6.100896004140568,Delivery completed
872,872,2023-05-27 11:00:00,4,10,Failed,2023-05-27 12:53:00,2.4486485954448747,Delivery completed
873,873,2023-03-23 17:00:00,2,10,Delivered,2023-03-23 17:16:00,2.51112426496661,Delivery completed
874,874,2023-02-01 21:00:00,2,2,In Transit,2023-02-01 22:57:00,6.351414979268428,Delivery completed
875,875,2023-05-17 19:00:00,3,4,In Transit,2023-05-17 20:26:00,5.077053293061304,Delivery completed
876,876,2023-04-09 22:00:00,1,6,In Transit,2023-04-09 22:40:00,6.533097859196092,Delivery completed
877,877,2023-10-08 12:00:00,5,3,Failed,2023-10-08 13:22:00,2.371554457526215,Delivery completed
878,878,2023-03-05 12:00:00,5,4,In Transit,2023-03-05 12:05:00,6.987676746575059,Delivery completed
879,879,2023-06-10 19:00:00,3,6,Delivered,2023-06-10 20:33:00,2.844847994313282,Delivery completed
880,880,2023-12-02 23:00:00,1,6,In Transit,2023-12-03 00:13:00,6.820399272792903,Delivery completed
881,881,2023-08-06 06:00:00,3,8,Delivered,2023-08-06 07:04:00,6.509840557283973,Delivery completed
882,882,2023-08-17 15:00:00,3,7,Delivered,2023-08-17 15:42:00,3.892361611288727,Delivery completed
883,883,2023-03-02 03:00:00,4,4,Delivered,2023-03-02 03:43:00,5.46337216187573,Delivery completed
884,884,2023-01-03 10:00:00,3,3,Delivered,2023-01-03 11:27:00,5.637087762412708,Delivery completed
885,885,2023-02-07 02:00:00,3,4,Failed,2023-02-07 03:38:00,6.509345690685808,Delivery completed
886,886,2023-06-04 08:00:00,4,4,In Transit,2023-06-04 09:22:00,6.276624133942345,Delivery completed
887,887,2023-12-18 21:00:00,3,4,Delivered,2023-12-18 22:47:00,6.745739078177719,Delivery completed
888,888,2023-11-22 15:00:00,3,6,Delivered,2023-11-22 16:52:00,7.008866635548054,Delivery completed
889,889,2023-11-06 10:00:00,3,6,Failed,2023-11-06 11:58:00,7.635509303550524,Delivery completed
890,890,2023-12-07 18:00:00,1,6,Failed,2023-12-07 18:44:00,4.587089913105753,Delivery completed
891,891,2023-07-29 23:00:00,5,8,Delivered,2023-07-30 00:48:00,3.601986154420082,Delivery completed
892,892,2023-06-04 17:00:00,3,3,In Transit,2023-06-04 17:40:00,3.5518719014405957,Delivery completed
893,893,2023-09-29 03:00:00,1,10,Failed,2023-09-29 04:24:00,6.16032549855097,Delivery completed
894,894,2023-02-24 21:00:00,5,6,Failed,2023-02-24 22:25:00,3.6770917433158044,Delivery completed
895,895,2023-04-07 05:00:00,4,3,In Transit,2023-04-07 06:34:00,4.4844117209535055,Delivery completed
896,896,2023-09-22 07:00:00,2,10,Delivered,2023-09-22 07:41:00,5.619027205979194,Delivery completed
897,897,2023-10-23 01:00:00,3,1,Failed,2023-10-23 01:53:00,2.1629462381135545,Delivery completed
898,898,2023-05-11 17:00:00,2,3,Failed,2023-05-11 18:15:00,3.9471976377159423,Delivery completed
899,899,2023-12-14 12:00:00,5,3,In Transit,2023-12-14 13:49:00,7.2128087826378735,Delivery completed
900,900,2023-12-09 07:00:00,4,9,In Transit,2023-12-09 08:40:00,6.815626169542972,Delivery completed
901,901,2023-01-11 11:00:00,2,2,In Transit,2023-01-11 12:43:00,7.364957784082519,Delivery completed
902,902,2023-07-23 20:00:00,3,4,Failed,2023-07-23 20:27:00,4.631977648404801,Delivery completed
903,903,2023-06-02 10:00:00,3,5,Delivered,2023-06-02 10:24:00,4.713946024159028,Delivery completed
904,904,2023-09-07 07:00:00,1,5,Delivered,2023-09-07 07:11:00,4.781191563106835,Delivery completed
905,905,2023-11-21 19:00:00,2,10,In Transit,2023-11-21 19:56:00,4.248935380932797,Delivery completed
906,906,2023-04-09 01:00:00,2,3,In Transit,2023-04-09 02:39:00,4.135889612110961,Delivery completed
907,907,2023-04-29 07:00:00,3,10,Delivered,2023-04-29 08:50:00,5.844001979150941,Delivery completed
908,908,2023-08-14 22:00:00,2,1,Failed,2023-08-14 22:41:00,7.430633917675317,Delivery completed
909,909,2023-08-21 13:00:00,5,6,In Transit,2023-08-21 14:37:00,7.2086434281469005,Delivery completed
910,910,2023-08-23 23:00:00,5,9,In Transit,2023-08-24 00:07:00,7.354558911924236,Delivery completed
911,911,2023-04-05 13:00:00,3,8,In Transit,2023-04-05 13:38:00,7.700672021075923,Delivery completed
912,912,2023-01-11 17:00:00,5,1,Delivered,2023-01-11 18:36:00,2.1583401319451077,Delivery completed
913,913,2023-10-31 07:00:00,3,5,Delivered,2023-10-31 08:01:00,7.905443620547881,Delivery completed
914,914,2023-10-06 14:00:00,5,9,Delivered,2023-10-06 14:05:00,2.284058636518642,Delivery completed
915,915,2023-08-19 12:00:00,4,5,In Transit,2023-08-19 12:31:00,3.3576546320626344,Delivery completed
916,916,2023-08-31 10:00:00,2,5,Failed,2023-08-31 11:12:00,4.048521954361831,Delivery completed
917,917,2023-05-12 18:00:00,2,1,In Transit,2023-05-12 19:47:00,4.980182669882002,Delivery completed
918,918,2023-10-18 05:00:00,1,6,Failed,2023-10-18 05:51:00,7.731289027881036,Delivery completed
919,919,2023-03-24 02:00:00,5,1,In Transit,2023-03-24 02:22:00,7.804052991719416,Delivery completed
920,920,2023-09-13 13:00:00,2,1,In Transit,2023-09-13 13:28:00,2.507287450938266,Delivery completed
921,921,2023-04-17 23:00:00,4,3,In Transit,2023-04-18 00:01:00,3.187880981080566,Delivery completed
922,922,2023-06-11 07:00:00,2,7,In Transit,2023-06-11 07:19:00,7.033264445577667,Delivery completed
923,923,2023-10-14 07:00:00,2,2,Delivered,2023-10-14 07:20:00,5.97733549157941,Delivery completed
924,924,2023-12-08 06:00:00,2,4,In Transit,2023-12-08 07:33:00,2.2202177261496434,Delivery completed
925,925,2023-04-12 20:00:00,4,4,Delivered,2023-04-12 21:33:00,4.094744166750608,Delivery completed
926,926,2023-07-25 13:00:00,5,5,In Transit,2023-07-25 13:26:00,4.9850111528366225,Delivery completed
927,927,2023-12-23 21:00:00,1,7,Delivered,2023-12-23 22:56:00,5.057723002248725,Delivery completed
928,928,2023-09-14 12:00:00,5,9,Delivered,2023-09-14 12:25:00,2.1352940535210845,Delivery completed
929,929,2023-04-18 08:00:00,1,8,Delivered,2023-04-18 08:51:00,4.602265682097561,Delivery completed
930,930,2023-05-12 14:00:00,5,9,Failed,2023-05-12 15:47:00,6.318462144966469,Delivery completed
931,931,2023-01-15 05:00:00,5,5,Failed,2023-01-15 05:41:00,4.266939025589297,Delivery completed
932,932,2023-09-03 01:00:00,1,6,Delivered,2023-09-03 01:01:00,5.899821508636192,Delivery completed
933,933,2023-10-06 15:00:00,5,4,Delivered,2023-10-06 16:14:00,2.506900982338518,Delivery completed
934,934,2023-03-05 05:00:00,3,5,Failed,2023-03-05 06:18:00,5.59256277256897,Delivery completed
935,935,2023-10-04 22:00:00,4,1,Failed,2023-10-04 22:37:00,2.9857116491370963,Delivery completed
936,936,2023-10-01 22:00:00,1,3,Delivered,2023-10-01 23:24:00,4.8807877271435425,Delivery completed
937,937,2023-02-24 14:00:00,1,3,Failed,2023-02-24 15:32:00,4.151091251825875,Delivery completed
938,938,2023-10-11 15:00:00,3,5,In Transit,2023-10-11 15:54:00,2.6864101836753513,Delivery completed
939,939,2023-07-30 21:00:00,4,5,In Transit,2023-07-30 21:27:00,6.820609435633548,Delivery completed
940,940,2023-04-15 12:00:00,1,3,In Transit,2023-04-15 13:37:00,4.547999973243998,Delivery completed
941,941,2023-07-12 08:00:00,3,6,In Transit,2023-07-12 08:53:00,5.975984921260447,Delivery completed
942,942,2023-07-15 02:00:00,1,7,Failed,2023-07-15 02:58:00,2.683669504515141,Delivery completed
943,943,2023-09-17 04:00:00,2,3,Delivered,2023-09-17 04:55:00,3.690569246572566,Delivery completed
944,944,2023-12-01 02:00:00,3,10,Failed,2023-12-01 02:37:00,6.761872770975479,Delivery completed
945,945,2023-04-20 13:00:00,1,6,In Transit,2023-04-20 14:52:00,7.929255493861882,Delivery completed
946,946,2023-02-19 06:00:00,3,8,Failed,2023-02-19 07:51:00,6.340426878908556,Delivery completed
947,947,2023-10-12 21:00:00,4,1,Delivered,2023-10-12 22:29:00,2.583760362071832,Delivery completed
948,948,2023-03-23 21:00:00,4,3,In Transit,2023-03-23 21:02:00,4.1516492476272955,Delivery completed
949,949,2023-07-14 04:00:00,3,2,Delivered,2023-07-14 04:47:00,2.8925035882480197,Delivery completed
950,950,2023-06-09 12:00:00,1,10,In Transit,2023-06-09 12:18:00,2.858230363056321,Delivery completed
951,951,2023-12-18 01:00:00,5,10,Delivered,2023-12-18 02:42:00,3.659701787283928,Delivery completed
952,952,2023-01-31 14:00:00,1,5,Failed,2023-01-31 15:44:00,3.634712628812989,Delivery completed
953,953,2023-08-26 05:00:00,2,1,In Transit,2023-08-26 06:20:00,3.9380638182163814,Delivery completed
954,954,2023-05-17 07:00:00,5,4,In Transit,2023-05-17 08:48:00,6.019264507664003,Delivery completed
955,955,2023-03-19 10:00:00,1,6,Delivered,2023-03-19 10:19:00,4.462186953464013,Delivery completed
956,956,2023-02-02 05:00:00,3,8,Delivered,2023-02-02 06:37:00,3.441044168373982,Delivery completed
957,957,2023-03-27 07:00:00,3,2,Failed,2023-03-27 07:34:00,4.523827913323982,Delivery completed
958,958,2023-09-13 04:00:00,4,9,Delivered,2023-09-13 05:42:00,5.458956841410967,Delivery completed
959,959,2023-02-23 16:00:00,4,7,Failed,2023-02-23 16:50:00,2.873468599733833,Delivery completed
960,960,2023-03-14 22:00:00,5,9,Delivered,2023-03-14 22:33:00,2.15828037771693,Delivery completed
961,961,2023-05-28 18:00:00,2,7,Delivered,2023-05-28 18:52:00,3.6402443407805647,Delivery completed
962,962,2023-11-25 04:00:00,2,9,Failed,2023-11-25 05:55:00,5.905436578325277,Delivery completed
963,963,2023-11-15 22:00:00,2,6,In Transit,2023-11-15 23:22:00,3.9948562361175015,Delivery completed
964,964,2023-09-27 08:00:00,1,5,Failed,2023-09-27 08:35:00,3.295810884261829,Delivery completed
965,965,2023-08-18 13:00:00,5,4,Failed,2023-08-18 13:12:00,6.521766509398669,Delivery completed
966,966,2023-03-22 11:00:00,2,4,Failed,2023-03-22 12:21:00,7.577051615433013,Delivery completed
967,967,2023-07-22 12:00:00,2,6,In Transit,2023-07-22 13:46:00,6.446447333372776,Delivery completed
968,968,2023-04-02 02:00:00,5,2,Failed,2023-04-02 02:42:00,3.1763945466375043,Delivery completed
969,969,2023-10-16 09:00:00,5,7,In Transit,2023-10-16 10:19:00,3.809570253662422,Delivery completed
970,970,2023-11-06 09:00:00,5,2,Failed,2023-11-06 10:26:00,3.632802558723686,Delivery completed
971,971,2023-01-11 20:00:00,3,10,In Transit,2023-01-11 21:41:00,3.9606130950243124,Delivery completed
972,972,2023-03-27 10:00:00,3,8,In Transit,2023-03-27 10:42:00,5.364629689213444,Delivery completed
973,973,2023-07-19 12:00:00,2,5,Delivered,2023-07-19 13:25:00,3.3476880426382767,Delivery completed
974,974,2023-09-03 04:00:00,1,8,In Transit,2023-09-03 04:59:00,7.714470709622943,Delivery completed
975,975,2023-03-14 06:00:00,5,4,Failed,2023-03-14 07:58:00,7.89036651797197,Delivery completed
976,976,2023-10-05 13:00:00,2,1,Failed,2023-10-05 13:36:00,3.1370027837199794,Delivery completed
977,977,2023-12-14 17:00:00,4,5,Delivered,2023-12-14 18:40:00,3.538927391833015,Delivery completed
978,978,2023-02-05 01:00:00,4,4,Delivered,2023-02-05 01:03:00,2.492556831591396,Delivery completed
979,979,2023-08-31 04:00:00,5,4,In Transit,2023-08-31 05:41:00,3.9462998380683727,Delivery completed
980,980,2023-12-07 21:00:00,4,1,Delivered,2023-12-07 22:47:00,6.4549760512222125,Delivery completed
981,981,2023-12-16 20:00:00,3,3,Delivered,2023-12-16 20:33:00,7.494273831109641,Delivery completed
982,982,2023-05-17 10:00:00,4,5,Failed,2023-05-17 11:07:00,3.807383446548659,Delivery completed
983,983,2023-05-14 12:00:00,2,1,Failed,2023-05-14 13:10:00,2.728786949464389,Delivery completed
984,984,2023-04-03 23:00:00,4,1,Failed,2023-04-04 00:05:00,5.758508111149386,Delivery completed
985,985,2023-08-06 05:00:00,2,8,Failed,2023-08-06 06:42:00,2.1006199125792664,Delivery completed
986,986,2023-05-29 01:00:00,4,9,Delivered,2023-05-29 01:29:00,7.299799633201899,Delivery completed
987,987,2023-09-04 04:00:00,4,5,In Transit,2023-09-04 05:39:00,5.90172808149649,Delivery completed
988,988,2023-03-22 15:00:00,4,4,Failed,2023-03-22 15:26:00,3.836548352742988,Delivery completed
989,989,2023-03-10 17:00:00,4,9,Delivered,2023-03-10 18:07:00,2.6347976364295427,Delivery completed
990,990,2023-09-04 05:00:00,4,4,In Transit,2023-09-04 05:40:00,3.251147154478768,Delivery completed
991,991,2023-10-06 04:00:00,2,10,Delivered,2023-10-06 05:37:00,7.4693497849086,Delivery completed
992,992,2023-04-22 06:00:00,3,2,In Transit,2023-04-22 07:57:00,3.7160737882742447,Delivery completed
993,993,2023-03-05 15:00:00,5,4,Failed,2023-03-05 15:00:00,6.776017184697878,Delivery completed
994,994,2023-01-21 06:00:00,2,2,Delivered,2023-01-21 07:23:00,6.553126668938706,Delivery completed
995,995,2023-10-25 23:00:00,2,6,Delivered,2023-10-26 00:25:00,5.070927920558984,Delivery completed
996,996,2023-11-10 08:00:00,3,9,In Transit,2023-11-10 08:31:00,6.066718506452566,Delivery completed
997,997,2023-05-29 17:00:00,3,5,Failed,2023-05-29 18:29:00,5.375603523951629,Delivery completed
998,998,2023-11-16 16:00:00,3,4,Delivered,2023-11-16 17:31:00,3.8722052278192565,Delivery completed
999,999,2023-11-07 10:00:00,2,3,Delivered,2023-11-07 11:28:00,3.6615998458370447,Delivery completed
1000,1000,2023-10-19 16:00:00,2,3,Failed,2023-10-19 17:53:00,4.22060606730928,Delivery completed
