OrderID,OrderDate,CustomerID,OrderStatus,PaymentTerms,TotalAmount,ExpectedDeliveryDate
1,2023-04-21,30,In Progress,Net 60,490.8139,2023-04-23
2,2023-05-09,56,Completed,Net 60,2044.6243,2023-05-11
3,2023-07-17,79,Completed,Net 30,709.9662999999999,2023-07-19
4,2023-01-03,6,Cancelled,Net 60,686.3064,2023-01-05
5,2023-03-01,12,In Progress,Net 60,350.65860000000004,2023-03-03
6,2023-07-27,18,Completed,COD,434.7,2023-07-29
7,2023-06-26,70,In Progress,COD,1117.0573,2023-06-28
8,2023-04-29,48,Completed,Net 60,498.5064,2023-05-01
9,2023-09-21,37,Completed,Net 30,1934.4454,2023-09-23
10,2023-05-11,90,In Progress,Net 30,619.0128,2023-05-13
11,2023-03-25,14,In Progress,Net 30,1611.5543,2023-03-27
12,2023-11-07,91,Completed,Net 30,896.7348000000001,2023-11-09
13,2023-12-03,11,In Progress,COD,546.1232,2023-12-05
14,2023-08-22,27,In Progress,Net 60,26.558,2023-08-24
15,2023-08-18,92,Cancelled,Net 30,623.7064,2023-08-20
16,2023-08-09,16,In Progress,Net 60,1017.1276,2023-08-11
17,2023-07-17,73,In Progress,COD,975.4346,2023-07-19
18,2023-08-24,47,Cancelled,COD,871.6465000000001,2023-08-26
19,2023-01-13,24,Cancelled,Net 30,241.8768,2023-01-15
20,2023-04-11,12,Cancelled,COD,974.794,2023-04-13
21,2023-09-26,45,In Progress,Net 30,513.4348,2023-09-28
22,2023-05-13,27,In Progress,Net 60,2174.2367999999997,2023-05-15
23,2023-11-23,4,In Progress,COD,568.2756999999999,2023-11-25
24,2023-10-16,17,In Progress,COD,1195.3864,2023-10-18
25,2023-05-28,74,In Progress,COD,299.409,2023-05-30
26,2023-01-14,18,Cancelled,Net 30,1823.0375,2023-01-16
27,2023-02-17,63,In Progress,Net 60,1499.6598,2023-02-19
28,2023-10-16,1,Completed,Net 30,1611.3838999999998,2023-10-18
29,2023-04-21,89,Cancelled,Net 30,596.9052,2023-04-23
30,2023-01-30,33,Completed,COD,565.8044,2023-02-01
31,2023-07-01,4,Cancelled,Net 60,1019.1265000000001,2023-07-03
32,2023-07-05,18,In Progress,COD,1035.0142,2023-07-07
33,2023-03-25,25,Completed,Net 60,476.33670000000006,2023-03-27
34,2023-09-09,99,In Progress,Net 30,664.5088000000001,2023-09-11
35,2023-07-07,71,In Progress,Net 30,1295.7624,2023-07-09
36,2023-08-24,77,Completed,Net 30,1585.4562,2023-08-26
37,2023-08-03,22,In Progress,COD,1229.1764,2023-08-05
38,2023-10-07,48,In Progress,Net 60,245.9723,2023-10-09
39,2023-07-25,99,Cancelled,COD,302.40430000000003,2023-07-27
40,2023-09-10,77,In Progress,Net 30,70.8528,2023-09-12
41,2023-01-24,60,Completed,Net 60,1483.4458,2023-01-26
42,2023-04-24,99,Cancelled,Net 60,1288.4208,2023-04-26
43,2023-04-18,82,In Progress,COD,610.7672,2023-04-20
44,2023-10-23,26,In Progress,COD,1574.4654,2023-10-25
45,2023-09-16,5,Completed,COD,1041.4662999999998,2023-09-18
46,2023-06-15,43,In Progress,Net 60,1333.2661,2023-06-17
47,2023-01-24,15,Cancelled,Net 60,782.1142,2023-01-26
48,2023-06-23,99,Cancelled,Net 30,34.611999999999995,2023-06-25
49,2023-10-12,17,In Progress,COD,993.1016,2023-10-14
50,2023-10-05,19,Completed,Net 30,1280.9252000000001,2023-10-07
51,2023-09-23,36,In Progress,Net 30,1109.3385999999998,2023-09-25
52,2023-12-06,67,Cancelled,Net 30,2063.2780000000002,2023-12-08
53,2023-06-21,83,Cancelled,Net 30,375.1664,2023-06-23
54,2023-12-18,8,Cancelled,Net 60,733.8936,2023-12-20
55,2023-08-18,74,In Progress,Net 30,290.6384,2023-08-20
56,2023-01-27,11,Completed,Net 60,589.4679,2023-01-29
57,2023-09-03,30,Completed,Net 60,199.528,2023-09-05
58,2023-04-28,69,Cancelled,Net 30,724.2161,2023-04-30
59,2023-10-20,65,Cancelled,Net 60,945.1812,2023-10-22
60,2023-07-24,62,Cancelled,COD,1696.2501000000002,2023-07-26
61,2023-02-06,8,Cancelled,Net 60,1032.6224,2023-02-08
62,2023-10-15,88,Cancelled,COD,904.5528,2023-10-17
63,2023-06-29,16,In Progress,COD,314.88840000000005,2023-07-01
64,2023-12-02,50,Cancelled,Net 30,1014.5564999999999,2023-12-04
65,2023-12-07,61,Completed,Net 60,870.2924,2023-12-09
66,2023-09-29,66,Cancelled,COD,742.1104000000001,2023-10-01
67,2023-05-21,69,In Progress,Net 30,397.8312,2023-05-23
68,2023-01-20,70,Cancelled,Net 30,21.6318,2023-01-22
69,2023-06-15,66,Cancelled,COD,1512.096,2023-06-17
70,2023-03-20,57,Completed,Net 30,256.6938,2023-03-22
71,2023-02-21,91,Completed,Net 30,637.8851999999999,2023-02-23
72,2023-08-22,95,Completed,COD,947.7858,2023-08-24
73,2023-08-25,3,In Progress,Net 30,1596.2782,2023-08-27
74,2023-10-25,19,In Progress,Net 30,187.1996,2023-10-27
75,2023-10-23,33,Completed,COD,155.6632,2023-10-25
76,2023-10-11,68,Completed,COD,185.6236,2023-10-13
77,2023-09-28,92,In Progress,Net 60,472.2454,2023-09-30
78,2023-01-29,52,In Progress,Net 60,1370.2586999999999,2023-01-31
79,2023-10-20,34,Cancelled,Net 60,669.417,2023-10-22
80,2023-06-15,60,Completed,Net 30,1534.1064000000001,2023-06-17
81,2023-01-08,92,Cancelled,Net 60,445.75440000000003,2023-01-10
82,2023-02-28,45,Cancelled,COD,833.7067,2023-03-02
83,2023-03-29,9,In Progress,Net 60,1540.3089,2023-03-31
84,2023-01-05,11,Completed,Net 60,985.8765999999999,2023-01-07
85,2023-03-24,40,Completed,COD,818.2734999999999,2023-03-26
86,2023-06-29,24,In Progress,Net 60,1691.344,2023-07-01
87,2023-09-04,73,Completed,Net 30,1061.7350999999999,2023-09-06
88,2023-12-24,54,In Progress,COD,1882.2176,2023-12-26
89,2023-03-01,29,In Progress,Net 60,135.0855,2023-03-03
90,2023-11-23,14,Completed,Net 60,1303.8251999999998,2023-11-25
91,2023-04-25,62,Completed,COD,292.44599999999997,2023-04-27
92,2023-12-05,82,In Progress,Net 60,46.393,2023-12-07
93,2023-03-18,23,Cancelled,Net 60,505.24979999999994,2023-03-20
94,2023-04-17,37,In Progress,Net 60,1085.2057,2023-04-19
95,2023-09-29,34,Completed,COD,697.8717,2023-10-01
96,2023-03-14,45,Completed,Net 60,1101.1205,2023-03-16
97,2023-10-27,3,Completed,COD,1507.2514,2023-10-29
98,2023-07-24,58,Completed,COD,162.4724,2023-07-26
99,2023-03-11,99,Cancelled,Net 60,1344.4287,2023-03-13
100,2023-02-07,52,Completed,Net 60,956.8495999999999,2023-02-09
101,2023-09-07,18,In Progress,COD,509.7831,2023-09-09
102,2023-05-02,3,Completed,Net 30,55.8272,2023-05-04
103,2023-04-22,23,Completed,Net 60,681.312,2023-04-24
104,2023-05-30,55,In Progress,Net 30,1344.0486,2023-06-01
105,2023-05-24,39,Completed,Net 30,1597.9680999999998,2023-05-26
106,2023-08-13,50,Completed,COD,1043.7052,2023-08-15
107,2023-09-02,61,Completed,COD,1603.8129999999999,2023-09-04
108,2023-03-02,51,Completed,Net 60,988.9935,2023-03-04
109,2023-05-01,13,Cancelled,Net 30,465.6334,2023-05-03
110,2023-10-08,87,Completed,Net 60,1916.1156999999998,2023-10-10
111,2023-08-29,44,Completed,Net 30,379.99240000000003,2023-08-31
112,2023-06-14,4,Completed,Net 30,1345.6544000000001,2023-06-16
113,2023-08-19,64,Completed,COD,822.9888,2023-08-21
114,2023-10-14,94,In Progress,Net 60,757.6542000000002,2023-10-16
115,2023-07-06,77,In Progress,Net 30,897.0524,2023-07-08
116,2023-01-28,92,Cancelled,Net 30,1829.4102,2023-01-30
117,2023-07-31,36,Completed,Net 60,1224.7351999999998,2023-08-02
118,2023-06-30,82,In Progress,Net 60,570.0754,2023-07-02
119,2023-04-06,88,Completed,COD,978.6804999999999,2023-04-08
120,2023-03-17,87,Cancelled,Net 30,1932.2989,2023-03-19
121,2023-09-13,95,Cancelled,COD,652.382,2023-09-15
122,2023-03-27,16,Completed,Net 60,896.5581,2023-03-29
123,2023-08-04,40,Completed,Net 30,479.5648,2023-08-06
124,2023-07-21,98,Completed,Net 30,261.1696,2023-07-23
125,2023-06-15,46,Completed,Net 60,1619.3792,2023-06-17
126,2023-06-12,88,Cancelled,Net 30,463.1079,2023-06-14
127,2023-10-29,8,Cancelled,Net 30,1740.5474,2023-10-31
128,2023-10-21,94,Cancelled,Net 30,639.037,2023-10-23
129,2023-06-25,78,In Progress,Net 30,1051.7825,2023-06-27
130,2023-08-11,86,Cancelled,Net 30,1167.5232999999998,2023-08-13
131,2023-07-13,2,Completed,Net 60,160.73999999999998,2023-07-15
132,2023-09-24,76,Cancelled,Net 60,84.17300000000002,2023-09-26
133,2023-05-06,17,Completed,Net 30,764.9904999999999,2023-05-08
134,2023-09-11,20,Completed,Net 60,616.3048,2023-09-13
135,2023-08-26,11,Completed,Net 60,1064.7222,2023-08-28
136,2023-10-25,5,In Progress,Net 30,1195.3013,2023-10-27
137,2023-06-27,13,In Progress,COD,1075.64,2023-06-29
138,2023-12-28,58,Completed,Net 60,1095.4298,2023-12-30
139,2023-04-10,81,In Progress,Net 30,68.265,2023-04-12
140,2023-10-02,88,Cancelled,COD,1927.223,2023-10-04
141,2023-02-01,27,Completed,Net 30,591.4757000000001,2023-02-03
142,2023-02-10,97,Completed,Net 30,960.5868,2023-02-12
143,2023-03-29,90,Completed,Net 30,1204.9016000000001,2023-03-31
144,2023-07-20,45,In Progress,Net 60,1003.3707999999999,2023-07-22
145,2023-09-08,33,Cancelled,Net 30,140.42079999999999,2023-09-10
146,2023-02-15,70,Cancelled,Net 30,415.2658,2023-02-17
147,2023-04-16,79,Cancelled,Net 30,219.3048,2023-04-18
148,2023-02-04,85,In Progress,Net 60,982.7973999999999,2023-02-06
149,2023-05-13,2,Cancelled,Net 30,1548.8089000000002,2023-05-15
150,2023-06-25,30,In Progress,Net 30,1044.3456,2023-06-27
151,2023-01-08,73,Cancelled,Net 60,1784.1922,2023-01-10
152,2023-01-09,96,Completed,Net 60,633.2099,2023-01-11
153,2023-10-13,31,In Progress,Net 30,1357.3392,2023-10-15
154,2023-09-16,49,Completed,Net 30,1176.6644,2023-09-18
155,2023-06-16,8,Cancelled,Net 60,662.9949000000001,2023-06-18
156,2023-03-08,86,Cancelled,Net 30,665.669,2023-03-10
157,2023-12-13,56,Completed,COD,629.6653,2023-12-15
158,2023-03-13,3,Completed,COD,440.8606,2023-03-15
159,2023-04-11,26,In Progress,Net 30,1135.1652000000001,2023-04-13
160,2023-03-18,4,Cancelled,COD,650.2374,2023-03-20
161,2023-11-21,83,Completed,Net 60,446.9055,2023-11-23
162,2023-04-23,14,In Progress,Net 60,1438.4775,2023-04-25
163,2023-01-07,53,Cancelled,Net 30,715.9,2023-01-09
164,2023-12-07,19,Cancelled,Net 30,773.5024999999999,2023-12-09
165,2023-04-18,56,Cancelled,COD,464.2176,2023-04-20
166,2023-06-01,82,In Progress,Net 60,2040.8172000000002,2023-06-03
167,2023-04-03,36,Cancelled,Net 60,903.8322000000001,2023-04-05
168,2023-12-09,99,In Progress,COD,1410.1466,2023-12-11
169,2023-02-02,42,Cancelled,Net 30,1158.5465,2023-02-04
170,2023-01-03,25,Completed,COD,1090.5345000000002,2023-01-05
171,2023-04-09,83,In Progress,COD,1438.4748,2023-04-11
172,2023-11-14,15,Cancelled,COD,463.8904,2023-11-16
173,2023-06-11,98,In Progress,Net 30,1653.6400999999998,2023-06-13
174,2023-12-20,43,Completed,Net 30,500.2182,2023-12-22
175,2023-01-04,28,Cancelled,Net 30,440.50919999999996,2023-01-06
176,2023-10-31,75,In Progress,Net 60,466.6637,2023-11-02
177,2023-04-13,36,In Progress,Net 60,927.4734,2023-04-15
178,2023-06-19,91,In Progress,Net 30,893.3359,2023-06-21
179,2023-12-25,56,Completed,COD,410.07499999999993,2023-12-27
180,2023-03-23,32,Cancelled,Net 30,1186.4976000000001,2023-03-25
181,2023-09-29,6,Completed,COD,163.10590000000002,2023-10-01
182,2023-01-18,74,In Progress,Net 30,610.0368,2023-01-20
183,2023-06-02,29,In Progress,Net 60,971.1130999999999,2023-06-04
184,2023-09-17,12,In Progress,Net 60,1283.8224000000002,2023-09-19
185,2023-06-10,61,Cancelled,Net 30,1110.4641,2023-06-12
186,2023-06-01,73,Cancelled,Net 60,1220.8333,2023-06-03
187,2023-03-05,100,In Progress,Net 60,1794.0577,2023-03-07
188,2023-12-04,49,Completed,Net 60,272.52479999999997,2023-12-06
189,2023-10-15,68,Completed,Net 30,312.1235,2023-10-17
190,2023-09-28,18,Cancelled,Net 30,1324.7459,2023-09-30
191,2023-03-12,48,Completed,COD,1615.7927,2023-03-14
192,2023-12-05,31,In Progress,Net 30,312.429,2023-12-07
193,2023-11-05,96,In Progress,COD,748.1858,2023-11-07
194,2023-08-13,19,Cancelled,COD,1923.2462,2023-08-15
195,2023-08-07,83,In Progress,COD,1499.1019999999999,2023-08-09
196,2023-08-31,15,Completed,Net 60,1266.2247,2023-09-02
197,2023-12-09,94,Completed,Net 60,1106.6605,2023-12-11
198,2023-12-28,54,Completed,COD,684.6959999999999,2023-12-30
199,2023-09-18,95,In Progress,Net 30,55.7963,2023-09-20
200,2023-01-01,48,Cancelled,COD,1018.9186,2023-01-03
201,2023-03-31,66,Cancelled,Net 60,359.827,2023-04-02
202,2023-08-30,46,Completed,COD,1560.195,2023-09-01
203,2023-08-30,86,Cancelled,COD,440.2416,2023-09-01
204,2023-08-04,52,Completed,Net 30,350.2595,2023-08-06
205,2023-01-02,72,In Progress,COD,917.8108,2023-01-04
206,2023-10-12,35,Completed,COD,1320.0203999999999,2023-10-14
207,2023-11-24,43,In Progress,Net 60,869.3422,2023-11-26
208,2023-03-26,62,Completed,Net 60,1217.316,2023-03-28
209,2023-08-07,12,Cancelled,Net 30,601.8125,2023-08-09
210,2023-08-17,99,Cancelled,Net 30,653.8104000000001,2023-08-19
211,2023-03-22,25,Cancelled,Net 60,300.01189999999997,2023-03-24
212,2023-05-14,42,Completed,Net 60,504.4208,2023-05-16
213,2023-01-08,14,Completed,COD,625.3026000000001,2023-01-10
214,2023-05-10,71,Completed,Net 30,1813.2379,2023-05-12
215,2023-12-21,77,Completed,Net 60,921.2598,2023-12-23
216,2023-04-23,72,In Progress,COD,522.965,2023-04-25
217,2023-02-09,15,Completed,Net 60,194.488,2023-02-11
218,2023-01-22,54,Completed,Net 30,442.756,2023-01-24
219,2023-03-18,98,Completed,COD,466.5917,2023-03-20
220,2023-03-10,49,In Progress,Net 30,154.57840000000002,2023-03-12
221,2023-12-05,95,Cancelled,Net 30,406.06930000000006,2023-12-07
222,2023-04-01,81,Cancelled,Net 30,1052.0848999999998,2023-04-03
223,2023-12-01,18,Completed,COD,962.1772,2023-12-03
224,2023-01-09,15,Cancelled,Net 30,1258.4796999999999,2023-01-11
225,2023-04-04,43,In Progress,Net 30,984.382,2023-04-06
226,2023-10-23,2,In Progress,Net 30,1082.2189,2023-10-25
227,2023-10-02,25,Cancelled,Net 60,830.1036,2023-10-04
228,2023-03-17,60,In Progress,Net 60,374.99350000000004,2023-03-19
229,2023-06-28,39,In Progress,Net 30,899.5613999999999,2023-06-30
230,2023-02-13,92,In Progress,Net 30,1543.4701,2023-02-15
231,2023-11-01,25,Cancelled,COD,152.98839999999998,2023-11-03
232,2023-08-21,46,In Progress,COD,377.493,2023-08-23
233,2023-04-12,6,In Progress,COD,994.6439999999999,2023-04-14
234,2023-06-24,20,Cancelled,COD,572.5236,2023-06-26
235,2023-06-30,100,Completed,Net 30,784.8267,2023-07-02
236,2023-10-08,62,Cancelled,Net 30,999.1098,2023-10-10
237,2023-10-13,8,Completed,Net 30,997.6590000000001,2023-10-15
238,2023-09-04,11,Cancelled,Net 60,109.57799999999999,2023-09-06
239,2023-01-27,24,Completed,Net 60,1495.2849999999999,2023-01-29
240,2023-03-23,41,Cancelled,Net 30,261.2918,2023-03-25
241,2023-01-22,75,In Progress,COD,615.1925,2023-01-24
242,2023-08-27,63,Completed,COD,1416.6727999999998,2023-08-29
243,2023-05-20,27,In Progress,Net 60,1307.8472000000002,2023-05-22
244,2023-01-24,81,Cancelled,Net 60,59.313,2023-01-26
245,2023-03-11,2,Completed,Net 30,701.211,2023-03-13
246,2023-06-27,100,Cancelled,COD,1311.092,2023-06-29
247,2023-08-03,31,Completed,COD,1400.1334,2023-08-05
248,2023-07-05,67,Cancelled,COD,944.9382,2023-07-07
249,2023-04-24,67,Cancelled,Net 60,341.18699999999995,2023-04-26
250,2023-08-31,32,Cancelled,Net 60,782.0283,2023-09-02
251,2023-06-18,98,In Progress,Net 60,760.4004,2023-06-20
252,2023-03-09,88,In Progress,COD,2049.3594000000003,2023-03-11
253,2023-04-19,29,In Progress,COD,568.1184,2023-04-21
254,2023-04-11,24,Cancelled,Net 30,397.9796,2023-04-13
255,2023-08-08,73,Completed,COD,1543.3683999999998,2023-08-10
256,2023-04-23,22,Cancelled,Net 30,1597.3475999999998,2023-04-25
257,2023-10-16,28,Cancelled,Net 30,1366.4696,2023-10-18
258,2023-05-03,34,Cancelled,Net 30,966.0884,2023-05-05
259,2023-04-27,54,Cancelled,COD,998.3485,2023-04-29
260,2023-11-14,34,Completed,COD,1757.4123,2023-11-16
261,2023-06-27,41,Cancelled,COD,719.7117000000001,2023-06-29
262,2023-12-26,96,In Progress,Net 60,64.7559,2023-12-28
263,2023-12-22,85,Completed,Net 30,1030.792,2023-12-24
264,2023-06-09,7,Cancelled,Net 30,978.8958,2023-06-11
265,2023-11-24,75,Completed,Net 60,138.27779999999998,2023-11-26
266,2023-06-07,38,In Progress,Net 60,511.7156,2023-06-09
267,2023-12-18,79,In Progress,COD,73.476,2023-12-20
268,2023-01-02,11,Completed,COD,934.8714,2023-01-04
269,2023-09-15,12,In Progress,Net 30,289.5312,2023-09-17
270,2023-06-29,88,Cancelled,Net 60,535.7772,2023-07-01
271,2023-01-06,97,Cancelled,COD,120.27689999999998,2023-01-08
272,2023-12-14,89,Cancelled,Net 30,1271.8811,2023-12-16
273,2023-11-11,78,Completed,Net 30,737.4154,2023-11-13
274,2023-04-19,27,Completed,COD,900.0206,2023-04-21
275,2023-12-29,38,Cancelled,COD,446.715,2023-12-31
276,2023-03-30,45,Cancelled,Net 60,982.3946,2023-04-01
277,2023-07-01,70,In Progress,Net 30,601.0160000000001,2023-07-03
278,2023-02-03,45,In Progress,COD,851.731,2023-02-05
279,2023-05-04,53,Cancelled,Net 60,1368.1711,2023-05-06
280,2023-05-13,70,Cancelled,Net 60,606.3761,2023-05-15
281,2023-06-17,46,Completed,COD,418.5,2023-06-19
282,2023-02-26,52,Cancelled,COD,457.4436,2023-02-28
283,2023-02-15,98,Completed,COD,667.3340000000001,2023-02-17
284,2023-11-15,13,Completed,Net 60,857.925,2023-11-17
285,2023-06-02,35,In Progress,Net 60,908.4568,2023-06-04
286,2023-11-20,76,Cancelled,COD,1189.8148,2023-11-22
287,2023-06-17,41,In Progress,Net 60,940.2784,2023-06-19
288,2023-08-12,58,In Progress,COD,861.9818,2023-08-14
289,2023-05-26,50,In Progress,Net 60,796.051,2023-05-28
290,2023-07-17,33,Completed,COD,647.4155000000001,2023-07-19
291,2023-08-25,76,Completed,Net 30,515.4305,2023-08-27
292,2023-11-25,25,In Progress,Net 30,599.8962000000001,2023-11-27
293,2023-10-12,100,Completed,Net 60,803.4852,2023-10-14
294,2023-10-21,70,In Progress,COD,685.26,2023-10-23
295,2023-06-27,35,Cancelled,Net 60,414.38239999999996,2023-06-29
296,2023-03-17,21,Cancelled,Net 30,810.0514999999999,2023-03-19
297,2023-11-20,86,Completed,Net 60,57.7146,2023-11-22
298,2023-11-18,13,Cancelled,Net 30,1437.6568,2023-11-20
299,2023-12-07,4,In Progress,Net 30,705.3381999999999,2023-12-09
300,2023-09-05,34,In Progress,Net 30,810.5313,2023-09-07
301,2023-07-14,79,In Progress,COD,441.7935,2023-07-16
302,2023-04-03,39,Completed,Net 30,976.1263000000001,2023-04-05
303,2023-10-16,44,In Progress,COD,671.1,2023-10-18
304,2023-12-03,23,Cancelled,COD,1044.9738,2023-12-05
305,2023-04-19,79,Completed,COD,1809.7440000000001,2023-04-21
306,2023-05-29,76,Cancelled,Net 60,196.8756,2023-05-31
307,2023-01-24,59,Completed,Net 60,613.7130999999999,2023-01-26
308,2023-10-27,45,Cancelled,COD,399.01199999999994,2023-10-29
309,2023-04-09,99,Completed,Net 60,734.3662,2023-04-11
310,2023-12-04,16,Completed,Net 30,1161.8438,2023-12-06
311,2023-10-28,90,Cancelled,Net 30,248.798,2023-10-30
312,2023-10-19,40,Cancelled,Net 60,851.9182000000001,2023-10-21
313,2023-09-02,86,Completed,COD,110.84039999999999,2023-09-04
314,2023-06-13,78,In Progress,Net 30,715.0002,2023-06-15
315,2023-08-12,34,In Progress,Net 60,80.2197,2023-08-14
316,2023-01-24,94,Cancelled,Net 60,232.2672,2023-01-26
317,2023-03-30,99,Cancelled,Net 60,362.7024,2023-04-01
318,2023-08-30,56,Cancelled,COD,435.94379999999995,2023-09-01
319,2023-05-24,67,Completed,COD,981.8404999999999,2023-05-26
320,2023-03-13,55,Completed,Net 60,677.7795,2023-03-15
321,2023-07-26,23,Completed,Net 30,501.4986,2023-07-28
322,2023-05-27,37,Cancelled,Net 30,149.3096,2023-05-29
323,2023-03-08,11,Completed,COD,186.2588,2023-03-10
324,2023-11-07,78,Completed,COD,207.1342,2023-11-09
325,2023-05-10,49,Cancelled,Net 30,802.284,2023-05-12
326,2023-11-06,91,In Progress,COD,1242.2242,2023-11-08
327,2023-03-05,40,Completed,Net 30,265.729,2023-03-07
328,2023-05-04,33,Cancelled,Net 60,49.4688,2023-05-06
329,2023-08-13,61,Completed,Net 30,341.55,2023-08-15
330,2023-05-07,12,In Progress,Net 30,1521.3118,2023-05-09
331,2023-06-06,42,In Progress,Net 30,746.9635999999999,2023-06-08
332,2023-10-23,15,Completed,COD,1177.0436,2023-10-25
333,2023-04-17,24,Cancelled,COD,469.9831,2023-04-19
334,2023-08-18,97,Cancelled,Net 30,886.9854,2023-08-20
335,2023-12-20,54,Cancelled,Net 60,138.663,2023-12-22
336,2023-11-04,42,Completed,Net 30,1356.0467,2023-11-06
337,2023-11-02,87,In Progress,COD,144.4139,2023-11-04
338,2023-04-17,26,In Progress,Net 60,140.48160000000001,2023-04-19
339,2023-06-12,30,Completed,Net 30,485.20219999999995,2023-06-14
340,2023-11-21,17,Cancelled,Net 30,1631.2486000000001,2023-11-23
341,2023-08-07,35,Cancelled,Net 30,229.026,2023-08-09
342,2023-03-26,87,Cancelled,Net 30,632.3688000000001,2023-03-28
343,2023-09-27,92,Completed,Net 30,406.92369999999994,2023-09-29
344,2023-01-30,61,In Progress,COD,1364.9429999999998,2023-02-01
345,2023-06-06,84,Cancelled,COD,833.0924,2023-06-08
346,2023-05-27,9,In Progress,COD,1334.0282000000002,2023-05-29
347,2023-09-14,6,In Progress,COD,1027.002,2023-09-16
348,2023-04-26,19,Cancelled,Net 30,820.1007,2023-04-28
349,2023-08-11,67,Cancelled,COD,1273.2876,2023-08-13
350,2023-08-06,40,In Progress,Net 30,945.612,2023-08-08
351,2023-07-11,39,In Progress,Net 30,321.57120000000003,2023-07-13
352,2023-02-13,60,In Progress,COD,267.9376,2023-02-15
353,2023-12-04,83,Completed,Net 60,1497.9297000000001,2023-12-06
354,2023-01-10,8,Cancelled,COD,183.82319999999999,2023-01-12
355,2023-03-20,42,Completed,COD,1231.7038,2023-03-22
356,2023-02-14,87,Cancelled,Net 60,947.2786,2023-02-16
357,2023-12-01,77,In Progress,Net 60,2088.554,2023-12-03
358,2023-01-06,89,In Progress,Net 60,847.7251999999999,2023-01-08
359,2023-12-19,32,Completed,Net 60,360.2889,2023-12-21
360,2023-04-06,31,Completed,COD,139.1234,2023-04-08
361,2023-03-20,60,Cancelled,COD,154.736,2023-03-22
362,2023-08-31,68,Completed,COD,1456.1966000000002,2023-09-02
363,2023-03-15,82,In Progress,COD,38.1216,2023-03-17
364,2023-05-02,3,Completed,COD,643.3439999999999,2023-05-04
365,2023-06-15,76,Cancelled,Net 30,1439.0366,2023-06-17
366,2023-04-07,68,Cancelled,Net 30,1045.228,2023-04-09
367,2023-10-11,16,Cancelled,Net 30,485.3184,2023-10-13
368,2023-04-30,4,Completed,COD,1213.114,2023-05-02
369,2023-02-18,91,Completed,Net 30,549.6855,2023-02-20
370,2023-02-05,10,Completed,Net 60,2106.1332,2023-02-07
371,2023-03-08,44,In Progress,Net 60,463.99760000000003,2023-03-10
372,2023-11-04,100,Completed,Net 30,170.0078,2023-11-06
373,2023-10-13,46,Cancelled,Net 60,426.9769,2023-10-15
374,2023-01-17,56,In Progress,Net 60,1224.2285,2023-01-19
375,2023-09-14,55,Completed,Net 30,441.9732,2023-09-16
376,2023-11-26,92,Cancelled,Net 30,288.8598,2023-11-28
377,2023-01-26,81,Completed,Net 60,493.9668,2023-01-28
378,2023-09-12,84,Cancelled,COD,545.7564,2023-09-14
379,2023-11-26,88,Cancelled,Net 60,2179.9936,2023-11-28
380,2023-09-20,78,In Progress,Net 30,962.9270000000001,2023-09-22
381,2023-10-22,1,Completed,Net 30,857.7757,2023-10-24
382,2023-09-11,98,In Progress,Net 60,712.6650000000001,2023-09-13
383,2023-07-20,52,Completed,COD,194.92200000000003,2023-07-22
384,2023-12-25,90,Cancelled,Net 60,489.3916,2023-12-27
385,2023-11-25,84,Cancelled,COD,71.4444,2023-11-27
386,2023-05-06,62,Cancelled,COD,49.9841,2023-05-08
387,2023-04-20,97,Cancelled,Net 30,1931.7505999999998,2023-04-22
388,2023-07-26,89,Completed,Net 60,1248.0566000000001,2023-07-28
389,2023-10-28,54,Completed,COD,357.76619999999997,2023-10-30
390,2023-10-07,78,Completed,Net 30,804.4729,2023-10-09
391,2023-12-31,32,In Progress,COD,340.04049999999995,2024-01-02
392,2023-09-11,69,Cancelled,COD,755.8943,2023-09-13
393,2023-06-29,31,Completed,Net 30,203.6672,2023-07-01
394,2023-02-14,35,In Progress,Net 60,931.8653,2023-02-16
395,2023-05-24,18,In Progress,Net 60,1377.6624,2023-05-26
396,2023-11-30,35,In Progress,Net 30,1139.1595,2023-12-02
397,2023-06-19,71,Cancelled,COD,247.02659999999997,2023-06-21
398,2023-07-04,39,Cancelled,COD,1201.976,2023-07-06
399,2023-09-11,80,In Progress,Net 30,1109.2468,2023-09-13
400,2023-05-22,21,In Progress,Net 30,1393.3318,2023-05-24
401,2023-02-26,58,Completed,Net 30,579.8752,2023-02-28
402,2023-07-27,39,Completed,Net 60,1234.6892,2023-07-29
403,2023-07-01,12,Cancelled,Net 30,665.8208,2023-07-03
404,2023-03-03,59,Cancelled,Net 60,1212.0679,2023-03-05
405,2023-08-26,8,Cancelled,Net 60,610.0464,2023-08-28
406,2023-07-15,38,Cancelled,Net 30,854.2138,2023-07-17
407,2023-12-16,86,Cancelled,Net 30,745.8288,2023-12-18
408,2023-04-26,8,In Progress,Net 60,473.76,2023-04-28
409,2023-02-03,16,Completed,Net 30,146.1236,2023-02-05
410,2023-12-05,59,Completed,Net 60,1532.2413000000001,2023-12-07
411,2023-05-19,59,Completed,Net 30,831.1543,2023-05-21
412,2023-03-18,33,In Progress,Net 30,323.1432,2023-03-20
413,2023-08-06,79,In Progress,Net 60,984.5943,2023-08-08
414,2023-09-10,92,Cancelled,Net 30,966.1896,2023-09-12
415,2023-05-29,86,Completed,Net 60,1348.7574000000002,2023-05-31
416,2023-04-24,15,Completed,COD,660.4366,2023-04-26
417,2023-08-07,24,In Progress,COD,925.9346,2023-08-09
418,2023-01-06,71,Completed,Net 30,867.623,2023-01-08
419,2023-09-05,36,Cancelled,COD,804.2263,2023-09-07
420,2023-01-15,55,Cancelled,Net 60,2535.5928000000004,2023-01-17
421,2023-03-06,16,In Progress,Net 60,1015.8412,2023-03-08
422,2023-06-09,52,Completed,Net 60,969.8552000000001,2023-06-11
423,2023-07-27,62,Cancelled,Net 30,778.6216000000001,2023-07-29
424,2023-11-17,42,Completed,COD,1598.5459,2023-11-19
425,2023-05-13,54,In Progress,Net 60,1516.7814,2023-05-15
426,2023-09-10,3,Completed,Net 30,847.6466,2023-09-12
427,2023-08-28,15,Completed,Net 30,1573.9740000000002,2023-08-30
428,2023-12-16,46,Cancelled,Net 60,1182.6422,2023-12-18
429,2023-06-13,80,Cancelled,COD,561.9264000000001,2023-06-15
430,2023-12-08,47,In Progress,Net 60,547.0314,2023-12-10
431,2023-09-22,7,Completed,COD,931.4136000000001,2023-09-24
432,2023-12-11,63,Completed,Net 60,312.02299999999997,2023-12-13
433,2023-08-05,20,Completed,Net 30,975.6838,2023-08-07
434,2023-06-22,90,Cancelled,COD,995.6767,2023-06-24
435,2023-01-27,36,In Progress,Net 30,1668.9353,2023-01-29
436,2023-09-06,1,Cancelled,Net 30,329.83200000000005,2023-09-08
437,2023-08-15,41,In Progress,Net 30,752.3489999999999,2023-08-17
438,2023-12-08,31,Cancelled,Net 30,784.7267999999999,2023-12-10
439,2023-06-22,11,In Progress,Net 60,406.32359999999994,2023-06-24
440,2023-10-09,72,Cancelled,Net 60,1257.6879999999999,2023-10-11
441,2023-12-15,3,In Progress,Net 30,747.6483000000001,2023-12-17
442,2023-11-18,34,Completed,Net 60,786.0412,2023-11-20
443,2023-10-04,10,Completed,COD,1507.0583000000001,2023-10-06
444,2023-01-24,98,In Progress,Net 30,983.8322000000001,2023-01-26
445,2023-02-23,26,Completed,Net 30,936.1894,2023-02-25
446,2023-07-12,13,In Progress,COD,361.947,2023-07-14
447,2023-11-04,17,Cancelled,Net 30,541.3878,2023-11-06
448,2023-07-18,45,Cancelled,Net 60,714.3465000000001,2023-07-20
449,2023-07-21,68,In Progress,COD,155.63580000000002,2023-07-23
450,2023-03-24,94,Cancelled,Net 60,570.1415999999999,2023-03-26
451,2023-08-15,76,In Progress,COD,1418.5478,2023-08-17
452,2023-03-22,47,Completed,Net 60,609.3865,2023-03-24
453,2023-12-11,91,Cancelled,COD,951.5454000000001,2023-12-13
454,2023-05-07,89,Completed,Net 30,2118.3426,2023-05-09
455,2023-03-18,59,In Progress,Net 30,184.8345,2023-03-20
456,2023-07-07,8,Completed,Net 60,43.285199999999996,2023-07-09
457,2023-12-14,83,Cancelled,COD,879.5311999999999,2023-12-16
458,2023-04-11,63,Completed,COD,2327.1842,2023-04-13
459,2023-08-15,8,Completed,Net 30,411.4556,2023-08-17
460,2023-02-27,75,Completed,Net 30,539.3657,2023-03-01
461,2023-05-18,44,Cancelled,Net 30,605.4159999999999,2023-05-20
462,2023-04-26,10,Cancelled,COD,774.0974,2023-04-28
463,2023-01-28,90,Completed,COD,1524.4927,2023-01-30
464,2023-12-08,41,In Progress,COD,449.28239999999994,2023-12-10
465,2023-11-04,85,In Progress,Net 60,834.9133,2023-11-06
466,2023-02-16,70,Completed,Net 60,833.1996,2023-02-18
467,2023-08-21,1,Completed,Net 30,624.9123999999999,2023-08-23
468,2023-01-07,9,In Progress,COD,223.45960000000002,2023-01-09
469,2023-04-24,24,Completed,Net 30,500.37210000000005,2023-04-26
470,2023-06-20,88,Cancelled,Net 60,880.9735999999999,2023-06-22
471,2023-01-10,63,In Progress,Net 60,1195.4705000000001,2023-01-12
472,2023-11-19,51,Completed,Net 60,835.562,2023-11-21
473,2023-08-31,54,Completed,Net 30,279.7674,2023-09-02
474,2023-12-05,84,Cancelled,COD,322.274,2023-12-07
475,2023-11-09,73,In Progress,Net 60,45.7072,2023-11-11
476,2023-10-05,17,In Progress,COD,595.8219,2023-10-07
477,2023-02-18,10,In Progress,Net 60,2437.146,2023-02-20
478,2023-03-04,18,Cancelled,Net 60,878.9687999999999,2023-03-06
479,2023-05-31,89,Completed,COD,60.470600000000005,2023-06-02
480,2023-12-31,61,Cancelled,Net 60,641.7279,2024-01-02
481,2023-07-31,80,Cancelled,Net 60,155.226,2023-08-02
482,2023-12-14,67,Cancelled,Net 30,1044.2052,2023-12-16
483,2023-10-14,6,In Progress,Net 30,405.53099999999995,2023-10-16
484,2023-03-11,34,Completed,COD,318.744,2023-03-13
485,2023-08-22,42,Completed,Net 60,317.993,2023-08-24
486,2023-04-09,53,Completed,COD,2235.0588,2023-04-11
487,2023-05-17,71,Completed,Net 30,819.4926,2023-05-19
488,2023-10-04,37,Completed,Net 60,1318.1446,2023-10-06
489,2023-10-16,12,In Progress,Net 30,1780.0537,2023-10-18
490,2023-07-09,60,Completed,Net 30,816.0198000000001,2023-07-11
491,2023-01-26,99,Completed,Net 30,692.048,2023-01-28
492,2023-05-26,36,Completed,Net 60,515.0712000000001,2023-05-28
493,2023-06-09,65,Cancelled,Net 60,347.3148,2023-06-11
494,2023-07-14,47,In Progress,Net 60,556.6102,2023-07-16
495,2023-07-01,17,Cancelled,Net 60,688.3399999999999,2023-07-03
496,2023-01-04,69,In Progress,Net 60,1136.8545,2023-01-06
497,2023-07-03,47,Completed,COD,1074.5028,2023-07-05
498,2023-12-01,15,Cancelled,Net 30,1688.9828000000002,2023-12-03
499,2023-04-01,52,Cancelled,Net 60,185.71620000000001,2023-04-03
500,2023-08-13,94,Completed,Net 60,956.3558999999999,2023-08-15
501,2023-09-11,89,Cancelled,Net 60,678.2244000000001,2023-09-13
502,2023-01-21,87,Completed,COD,254.74800000000005,2023-01-23
503,2023-02-14,52,Cancelled,Net 60,427.256,2023-02-16
504,2023-09-16,3,Completed,Net 60,764.9856,2023-09-18
505,2023-03-05,6,Completed,COD,759.4466,2023-03-07
506,2023-05-01,52,Completed,Net 30,362.62800000000004,2023-05-03
507,2023-02-05,48,Cancelled,Net 60,1627.184,2023-02-07
508,2023-05-06,78,In Progress,Net 30,750.1403,2023-05-08
509,2023-10-06,9,In Progress,COD,1486.2926,2023-10-08
510,2023-01-02,99,Cancelled,COD,164.4453,2023-01-04
511,2023-04-08,28,In Progress,COD,1071.7835,2023-04-10
512,2023-04-23,81,Cancelled,Net 30,1552.883,2023-04-25
513,2023-10-24,68,In Progress,COD,1218.9461999999999,2023-10-26
514,2023-07-27,34,Cancelled,Net 30,622.8894,2023-07-29
515,2023-04-06,10,In Progress,Net 30,584.1504000000001,2023-04-08
516,2023-12-08,7,Completed,COD,777.6864,2023-12-10
517,2023-01-03,36,Cancelled,Net 30,114.513,2023-01-05
518,2023-02-05,8,Cancelled,Net 60,1653.5427,2023-02-07
519,2023-06-30,25,Cancelled,Net 30,980.5043999999999,2023-07-02
520,2023-12-02,81,In Progress,COD,1237.817,2023-12-04
521,2023-10-31,32,Cancelled,Net 60,1070.692,2023-11-02
522,2023-05-02,23,In Progress,Net 60,1631.5931,2023-05-04
523,2023-12-24,72,Completed,COD,1304.7607000000003,2023-12-26
524,2023-11-18,23,Completed,Net 60,1866.9226,2023-11-20
525,2023-04-03,32,Cancelled,Net 60,413.6729,2023-04-05
526,2023-05-05,40,Completed,Net 30,423.2028,2023-05-07
527,2023-08-12,2,Cancelled,COD,837.0234,2023-08-14
528,2023-05-22,49,In Progress,Net 60,1049.2309,2023-05-24
529,2023-05-15,13,In Progress,Net 30,157.9578,2023-05-17
530,2023-06-28,90,In Progress,Net 60,506.9499,2023-06-30
531,2023-10-06,1,Cancelled,COD,527.6102999999999,2023-10-08
532,2023-04-13,83,Cancelled,COD,204.44299999999998,2023-04-15
533,2023-04-08,24,Completed,Net 30,783.21,2023-04-10
534,2023-04-22,18,In Progress,COD,1195.4459,2023-04-24
535,2023-10-15,8,In Progress,Net 60,1330.2188999999998,2023-10-17
536,2023-10-30,39,In Progress,COD,564.6622,2023-11-01
537,2023-07-22,21,Completed,COD,1365.5066,2023-07-24
538,2023-04-07,67,In Progress,Net 60,1325.0016,2023-04-09
539,2023-10-09,52,In Progress,Net 30,1331.7184,2023-10-11
540,2023-09-30,67,Cancelled,COD,708.6455,2023-10-02
541,2023-10-12,48,Cancelled,COD,871.9492,2023-10-14
542,2023-06-19,55,In Progress,Net 60,975.5338,2023-06-21
543,2023-01-29,88,In Progress,COD,268.632,2023-01-31
544,2023-08-10,27,In Progress,Net 30,865.8035,2023-08-12
545,2023-07-18,75,In Progress,COD,210.024,2023-07-20
546,2023-10-04,92,Cancelled,COD,1308.616,2023-10-06
547,2023-06-25,7,Completed,Net 30,536.0657,2023-06-27
548,2023-07-18,19,Cancelled,Net 30,1632.2123,2023-07-20
549,2023-12-28,3,Completed,COD,536.145,2023-12-30
550,2023-10-17,54,Completed,Net 60,241.8016,2023-10-19
551,2023-10-10,99,Completed,Net 60,1399.3788,2023-10-12
552,2023-11-13,53,Completed,Net 30,1013.3138,2023-11-15
553,2023-02-12,81,Cancelled,Net 60,1246.7012,2023-02-14
554,2023-09-08,34,Cancelled,COD,354.23720000000003,2023-09-10
555,2023-04-29,77,Cancelled,COD,678.196,2023-05-01
556,2023-06-12,9,Completed,COD,248.06400000000002,2023-06-14
557,2023-10-31,64,Cancelled,Net 30,1244.6856,2023-11-02
558,2023-03-17,96,Cancelled,COD,726.0581999999999,2023-03-19
559,2023-08-29,67,Cancelled,Net 30,1086.716,2023-08-31
560,2023-11-07,26,Completed,Net 30,775.792,2023-11-09
561,2023-07-06,8,In Progress,Net 60,508.0241,2023-07-08
562,2023-07-08,39,Cancelled,Net 60,1178.1557,2023-07-10
563,2023-11-15,55,Cancelled,COD,225.6012,2023-11-17
564,2023-06-21,68,Completed,COD,1433.2368,2023-06-23
565,2023-09-22,57,Cancelled,COD,55.199999999999996,2023-09-24
566,2023-08-10,43,Cancelled,Net 30,343.6204,2023-08-12
567,2023-09-06,38,Cancelled,COD,716.5842,2023-09-08
568,2023-02-18,13,Completed,COD,1158.2151999999999,2023-02-20
569,2023-04-22,66,In Progress,Net 30,58.786,2023-04-24
570,2023-12-31,95,In Progress,COD,1085.6698000000001,2024-01-02
571,2023-12-28,1,In Progress,Net 60,1040.1559,2023-12-30
572,2023-02-04,43,Completed,Net 60,515.8258000000001,2023-02-06
573,2023-10-29,51,Cancelled,Net 30,1286.2381999999998,2023-10-31
574,2023-11-02,37,In Progress,COD,1743.2964,2023-11-04
575,2023-01-20,71,Cancelled,Net 30,976.365,2023-01-22
576,2023-09-14,1,Completed,Net 60,1240.1843,2023-09-16
577,2023-09-26,12,Completed,Net 30,139.23000000000002,2023-09-28
578,2023-10-31,56,Completed,Net 60,681.3507,2023-11-02
579,2023-01-20,10,Cancelled,COD,546.5352,2023-01-22
580,2023-03-07,70,In Progress,Net 60,1058.4564,2023-03-09
581,2023-10-10,25,Completed,COD,843.6034,2023-10-12
582,2023-06-05,18,Completed,Net 30,105.944,2023-06-07
583,2023-12-03,67,Cancelled,Net 60,1328.9195,2023-12-05
584,2023-07-15,60,Completed,Net 60,19.6308,2023-07-17
585,2023-03-20,75,Cancelled,COD,68.265,2023-03-22
586,2023-02-23,61,Completed,COD,1433.7854000000002,2023-02-25
587,2023-10-03,65,In Progress,Net 30,56.3724,2023-10-05
588,2023-08-29,5,Cancelled,COD,664.8389,2023-08-31
589,2023-11-05,88,Completed,Net 30,1738.0216,2023-11-07
590,2023-04-21,40,In Progress,COD,56.088,2023-04-23
591,2023-11-10,57,In Progress,Net 60,1569.2477,2023-11-12
592,2023-03-09,86,In Progress,COD,1040.9238,2023-03-11
593,2023-12-14,96,Cancelled,Net 60,1193.3669,2023-12-16
594,2023-11-09,49,Completed,Net 30,560.3328,2023-11-11
595,2023-04-28,41,In Progress,Net 30,1060.6934999999999,2023-04-30
596,2023-05-23,26,In Progress,Net 60,691.1616,2023-05-25
597,2023-12-13,26,Cancelled,Net 30,900.5947999999999,2023-12-15
598,2023-02-08,39,Cancelled,COD,45.3464,2023-02-10
599,2023-08-04,38,In Progress,COD,2224.6222,2023-08-06
600,2023-03-05,24,Completed,COD,1103.4231,2023-03-07
601,2023-06-28,16,In Progress,Net 60,1360.584,2023-06-30
602,2023-03-11,86,In Progress,Net 60,220.10209999999998,2023-03-13
603,2023-07-02,75,In Progress,Net 30,1219.5124999999998,2023-07-04
604,2023-12-07,57,Completed,Net 60,1685.2288,2023-12-09
605,2023-12-28,33,Cancelled,Net 30,429.088,2023-12-30
606,2023-04-19,48,In Progress,Net 30,48.3,2023-04-21
607,2023-01-29,15,Completed,COD,1537.879,2023-01-31
608,2023-01-11,30,In Progress,Net 30,1463.2006000000001,2023-01-13
609,2023-02-18,46,In Progress,Net 30,672.9966,2023-02-20
610,2023-02-03,86,Completed,Net 60,1511.0188,2023-02-05
611,2023-08-23,89,Cancelled,Net 30,296.00079999999997,2023-08-25
612,2023-07-03,22,Completed,Net 60,1696.0652,2023-07-05
613,2023-06-02,25,Completed,Net 60,645.0278999999999,2023-06-04
614,2023-09-20,38,In Progress,COD,1446.4202,2023-09-22
615,2023-12-04,21,In Progress,Net 60,1492.5612,2023-12-06
616,2023-08-30,58,In Progress,COD,596.9603000000001,2023-09-01
617,2023-03-09,23,In Progress,COD,625.7664,2023-03-11
618,2023-11-29,50,In Progress,Net 60,915.7656,2023-12-01
619,2023-10-10,63,In Progress,COD,118.1136,2023-10-12
620,2023-11-23,87,Completed,COD,715.3683000000001,2023-11-25
621,2023-03-28,51,Completed,COD,954.6256000000001,2023-03-30
622,2023-05-20,53,Cancelled,COD,170.328,2023-05-22
623,2023-01-27,65,In Progress,COD,1070.691,2023-01-29
624,2023-06-29,66,In Progress,Net 30,572.185,2023-07-01
625,2023-06-10,12,Cancelled,Net 30,97.4052,2023-06-12
626,2023-09-23,54,In Progress,Net 30,487.75289999999995,2023-09-25
627,2023-11-21,18,In Progress,Net 30,701.8212000000001,2023-11-23
628,2023-08-09,22,In Progress,Net 30,757.7094999999999,2023-08-11
629,2023-05-10,71,Completed,Net 30,708.9336000000001,2023-05-12
630,2023-09-13,47,Completed,Net 60,1650.0222,2023-09-15
631,2023-11-24,52,Completed,COD,1206.0066,2023-11-26
632,2023-04-25,18,In Progress,Net 30,1772.7155,2023-04-27
633,2023-05-01,23,Completed,Net 30,960.6253,2023-05-03
634,2023-11-06,55,Cancelled,Net 60,875.8677,2023-11-08
635,2023-07-03,71,In Progress,Net 30,1010.7689999999999,2023-07-05
636,2023-10-08,25,In Progress,COD,469.2824,2023-10-10
637,2023-08-11,52,In Progress,COD,709.5328,2023-08-13
638,2023-11-11,28,Cancelled,Net 30,1469.782,2023-11-13
639,2023-04-30,63,In Progress,Net 30,1402.2669,2023-05-02
640,2023-11-09,54,In Progress,COD,601.4087999999999,2023-11-11
641,2023-12-03,86,Completed,Net 60,1623.2157,2023-12-05
642,2023-02-09,53,Cancelled,COD,774.548,2023-02-11
643,2023-06-21,71,In Progress,COD,256.6194,2023-06-23
644,2023-02-17,96,Cancelled,Net 60,1248.7487,2023-02-19
645,2023-12-06,77,Completed,Net 60,1265.8339,2023-12-08
646,2023-08-03,42,Completed,Net 60,153.15300000000002,2023-08-05
647,2023-02-10,81,In Progress,Net 60,943.4038,2023-02-12
648,2023-08-29,19,In Progress,COD,724.5404,2023-08-31
649,2023-11-16,94,In Progress,Net 30,1746.7227,2023-11-18
650,2023-08-02,22,Completed,Net 60,2070.4034,2023-08-04
651,2023-03-26,50,Cancelled,Net 60,1072.1252,2023-03-28
652,2023-06-06,19,Cancelled,Net 30,228.2955,2023-06-08
653,2023-03-11,51,In Progress,Net 60,1313.5678,2023-03-13
654,2023-08-06,77,In Progress,COD,2006.6468999999997,2023-08-08
655,2023-02-09,61,In Progress,Net 30,383.8335000000001,2023-02-11
656,2023-07-19,11,Cancelled,Net 30,548.6208,2023-07-21
657,2023-02-27,88,In Progress,COD,1388.0486,2023-03-01
658,2023-02-02,100,Completed,Net 60,302.82239999999996,2023-02-04
659,2023-12-13,37,Completed,Net 30,454.68399999999997,2023-12-15
660,2023-02-02,99,Cancelled,COD,550.2344,2023-02-04
661,2023-09-08,53,Completed,Net 30,1340.5035,2023-09-10
662,2023-10-30,95,In Progress,COD,182.2139,2023-11-01
663,2023-11-04,70,In Progress,Net 30,1825.2201000000002,2023-11-06
664,2023-01-20,98,In Progress,Net 30,611.2991999999999,2023-01-22
665,2023-01-19,13,Completed,COD,604.0088000000001,2023-01-21
666,2023-05-23,87,Completed,Net 60,901.9407000000001,2023-05-25
667,2023-03-03,63,Cancelled,Net 30,449.3122,2023-03-05
668,2023-07-02,68,Cancelled,COD,1336.8922,2023-07-04
669,2023-08-23,41,Completed,COD,727.3112,2023-08-25
670,2023-09-14,70,Cancelled,Net 30,701.2966,2023-09-16
671,2023-03-30,40,In Progress,COD,1438.6549,2023-04-01
672,2023-09-11,56,Cancelled,COD,87.66239999999999,2023-09-13
673,2023-08-28,78,In Progress,Net 60,418.1688,2023-08-30
674,2023-06-23,86,In Progress,COD,80.6496,2023-06-25
675,2023-03-22,59,Completed,COD,1948.0894,2023-03-24
676,2023-05-15,28,Completed,Net 60,136.53,2023-05-17
677,2023-10-23,75,Cancelled,COD,1990.2988,2023-10-25
678,2023-06-26,58,Cancelled,Net 30,183.56520000000003,2023-06-28
679,2023-09-19,83,Completed,COD,81.585,2023-09-21
680,2023-02-24,94,Cancelled,COD,231.7068,2023-02-26
681,2023-09-25,61,Cancelled,Net 30,428.8058,2023-09-27
682,2023-11-02,58,Completed,Net 30,1010.4922,2023-11-04
683,2023-08-29,73,In Progress,Net 60,849.5939999999999,2023-08-31
684,2023-03-26,28,In Progress,Net 60,819.8578,2023-03-28
685,2023-07-14,34,In Progress,COD,648.1961000000001,2023-07-16
686,2023-01-17,41,Completed,COD,1886.4845,2023-01-19
687,2023-05-19,39,In Progress,COD,521.606,2023-05-21
688,2023-04-28,81,In Progress,Net 30,1657.8840000000002,2023-04-30
689,2023-05-15,61,Cancelled,Net 30,1364.6433000000002,2023-05-17
690,2023-07-13,14,In Progress,Net 30,56.702799999999996,2023-07-15
691,2023-08-13,13,Completed,COD,1071.9354,2023-08-15
692,2023-08-30,93,Completed,Net 30,1220.7686,2023-09-01
693,2023-11-29,62,In Progress,Net 30,822.9888,2023-12-01
694,2023-04-13,34,Cancelled,COD,335.98529999999994,2023-04-15
695,2023-11-18,44,Completed,Net 30,248.50009999999997,2023-11-20
696,2023-05-18,94,In Progress,COD,205.0881,2023-05-20
697,2023-06-28,50,Cancelled,Net 30,1061.0638999999999,2023-06-30
698,2023-06-21,42,Completed,COD,279.1152,2023-06-23
699,2023-07-31,88,Cancelled,Net 30,487.11899999999997,2023-08-02
700,2023-10-19,41,In Progress,COD,540.495,2023-10-21
701,2023-09-24,35,In Progress,COD,1366.2909,2023-09-26
702,2023-11-11,43,Completed,Net 60,125.33399999999999,2023-11-13
703,2023-07-12,48,Cancelled,Net 60,149.68800000000002,2023-07-14
704,2023-08-25,82,Completed,Net 30,1088.5683999999999,2023-08-27
705,2023-01-30,18,Completed,COD,1465.7344,2023-02-01
706,2023-02-04,97,Completed,Net 60,951.1974,2023-02-06
707,2023-04-24,8,In Progress,Net 30,1123.3563,2023-04-26
708,2023-03-29,78,In Progress,Net 30,615.1236,2023-03-31
709,2023-04-21,90,In Progress,COD,1881.4001,2023-04-23
710,2023-10-13,82,Cancelled,Net 30,712.7639999999999,2023-10-15
711,2023-03-15,88,In Progress,Net 30,1239.9852,2023-03-17
712,2023-12-05,99,Cancelled,Net 30,72.62,2023-12-07
713,2023-08-01,16,Completed,Net 60,1106.28,2023-08-03
714,2023-09-13,30,Completed,Net 30,1617.0003000000002,2023-09-15
715,2023-08-31,77,Cancelled,Net 60,509.99039999999997,2023-09-02
716,2023-07-10,42,In Progress,Net 30,967.1442000000001,2023-07-12
717,2023-11-27,31,Completed,Net 60,1378.6749,2023-11-29
718,2023-04-03,68,Cancelled,COD,682.4742,2023-04-05
719,2023-10-24,99,Cancelled,Net 60,1322.4288,2023-10-26
720,2023-05-03,9,In Progress,Net 60,326.1546,2023-05-05
721,2023-06-16,99,Completed,Net 30,575.7066,2023-06-18
722,2023-07-05,20,In Progress,Net 60,174.72400000000002,2023-07-07
723,2023-02-26,28,In Progress,COD,1110.2138,2023-02-28
724,2023-11-18,26,Cancelled,COD,1642.7983,2023-11-20
725,2023-03-16,8,Cancelled,COD,630.796,2023-03-18
726,2023-10-26,43,Cancelled,COD,727.8810000000001,2023-10-28
727,2023-11-18,76,In Progress,Net 30,872.7082,2023-11-20
728,2023-10-02,51,In Progress,Net 30,2347.3194,2023-10-04
729,2023-11-22,18,Cancelled,Net 30,772.5904,2023-11-24
730,2023-12-30,93,Cancelled,COD,92.9144,2024-01-01
731,2023-12-17,19,Cancelled,COD,999.9821999999999,2023-12-19
732,2023-03-29,81,Cancelled,Net 30,1959.3802,2023-03-31
733,2023-01-24,95,In Progress,Net 30,901.9454000000001,2023-01-26
734,2023-07-03,98,In Progress,COD,68.2575,2023-07-05
735,2023-11-01,43,In Progress,Net 30,162.2124,2023-11-03
736,2023-04-14,40,In Progress,Net 60,922.7068,2023-04-16
737,2023-10-30,7,Cancelled,COD,1261.3418000000001,2023-11-01
738,2023-12-31,58,Completed,COD,728.604,2024-01-02
739,2023-11-16,40,Completed,Net 60,1373.9784,2023-11-18
740,2023-02-27,86,In Progress,Net 60,813.6713000000001,2023-03-01
741,2023-08-31,43,Completed,COD,158.8278,2023-09-02
742,2023-12-26,33,In Progress,Net 60,1510.6054,2023-12-28
743,2023-05-06,91,Completed,COD,2151.8804,2023-05-08
744,2023-12-31,28,In Progress,COD,601.6426,2024-01-02
745,2023-04-29,68,In Progress,Net 30,1039.1974,2023-05-01
746,2023-01-24,23,In Progress,COD,61.2612,2023-01-26
747,2023-04-16,86,In Progress,COD,511.89320000000004,2023-04-18
748,2023-05-11,60,Cancelled,Net 30,1377.449,2023-05-13
749,2023-06-02,55,Completed,Net 30,561.2257,2023-06-04
750,2023-01-16,81,Completed,COD,1167.1379000000002,2023-01-18
751,2023-05-26,83,Completed,Net 60,1030.5167999999999,2023-05-28
752,2023-07-17,3,In Progress,COD,1142.8154,2023-07-19
753,2023-06-08,66,In Progress,Net 30,1036.5567999999998,2023-06-10
754,2023-01-10,72,Completed,Net 60,1467.9895999999999,2023-01-12
755,2023-06-05,5,Cancelled,Net 60,742.2989,2023-06-07
756,2023-09-22,71,In Progress,Net 30,1314.9622,2023-09-24
757,2023-06-09,22,Completed,COD,153.634,2023-06-11
758,2023-11-07,5,Completed,COD,149.6244,2023-11-09
759,2023-07-25,23,Completed,COD,362.116,2023-07-27
760,2023-07-29,45,In Progress,Net 30,842.0192999999999,2023-07-31
761,2023-03-23,43,Cancelled,COD,371.6076,2023-03-25
762,2023-12-15,34,Cancelled,COD,1287.5952,2023-12-17
763,2023-07-08,97,In Progress,Net 30,395.07099999999997,2023-07-10
764,2023-02-11,47,In Progress,Net 60,886.9996000000001,2023-02-13
765,2023-11-03,10,Completed,Net 60,580.4096000000001,2023-11-05
766,2023-05-06,32,Completed,Net 30,506.4748000000001,2023-05-08
767,2023-12-09,28,Cancelled,COD,1294.7238,2023-12-11
768,2023-03-06,24,In Progress,Net 30,1378.5483999999997,2023-03-08
769,2023-06-25,56,Cancelled,Net 60,18.0664,2023-06-27
770,2023-01-09,76,Cancelled,Net 60,43.9356,2023-01-11
771,2023-01-20,11,Completed,Net 30,845.0424,2023-01-22
772,2023-10-27,92,In Progress,Net 60,714.1715,2023-10-29
773,2023-07-20,51,Cancelled,Net 30,56.128,2023-07-22
774,2023-09-22,96,Completed,Net 30,1303.9867,2023-09-24
775,2023-04-21,67,Cancelled,COD,841.674,2023-04-23
776,2023-01-19,56,Completed,Net 60,368.648,2023-01-21
777,2023-11-20,30,In Progress,COD,399.0475,2023-11-22
778,2023-03-29,23,In Progress,Net 30,693.72,2023-03-31
779,2023-12-09,9,Cancelled,Net 60,160.4133,2023-12-11
780,2023-03-09,73,Completed,Net 30,1463.5026,2023-03-11
781,2023-08-17,62,Completed,Net 30,1537.8197,2023-08-19
782,2023-12-17,3,Cancelled,Net 60,1695.6925,2023-12-19
783,2023-11-09,25,Cancelled,COD,207.83280000000002,2023-11-11
784,2023-10-24,17,In Progress,Net 60,376.18559999999997,2023-10-26
785,2023-06-30,98,Cancelled,Net 60,735.416,2023-07-02
786,2023-09-11,39,Cancelled,Net 60,225.9612,2023-09-13
787,2023-08-11,33,In Progress,Net 60,51.1197,2023-08-13
788,2023-03-05,51,In Progress,Net 30,550.9658,2023-03-07
789,2023-05-12,46,Completed,Net 60,1028.4316000000001,2023-05-14
790,2023-11-14,3,In Progress,COD,960.5124000000001,2023-11-16
791,2023-02-18,93,Cancelled,Net 30,149.9215,2023-02-20
792,2023-03-18,17,In Progress,Net 60,956.7455,2023-03-20
793,2023-03-04,85,Completed,COD,134.865,2023-03-06
794,2023-03-04,19,Cancelled,Net 60,872.0974000000001,2023-03-06
795,2023-10-20,14,In Progress,Net 30,1543.1917,2023-10-22
796,2023-06-11,12,Cancelled,Net 30,924.9952000000001,2023-06-13
797,2023-10-07,36,Cancelled,COD,889.6339,2023-10-09
798,2023-03-21,59,Cancelled,Net 60,558.8238,2023-03-23
799,2023-12-26,76,Cancelled,COD,1300.5792000000001,2023-12-28
800,2023-11-27,41,In Progress,Net 60,916.4603999999999,2023-11-29
801,2023-02-10,14,Cancelled,Net 30,1011.9180000000002,2023-02-12
802,2023-08-31,95,Cancelled,Net 30,568.6424999999999,2023-09-02
803,2023-03-28,39,In Progress,Net 30,472.02750000000003,2023-03-30
804,2023-11-03,99,In Progress,Net 30,961.2872,2023-11-05
805,2023-11-23,66,Cancelled,COD,1219.8252,2023-11-25
806,2023-11-01,20,Cancelled,Net 30,142.63900000000004,2023-11-03
807,2023-12-25,92,In Progress,COD,1422.0308,2023-12-27
808,2023-09-17,42,In Progress,COD,52.0208,2023-09-19
809,2023-11-23,10,Cancelled,COD,1068.0987,2023-11-25
810,2023-05-16,16,In Progress,COD,838.5219,2023-05-18
811,2023-12-25,37,In Progress,COD,676.9670000000001,2023-12-27
812,2023-10-06,5,Cancelled,Net 60,737.5507,2023-10-08
813,2023-10-02,33,Completed,COD,454.23,2023-10-04
814,2023-05-06,38,Cancelled,COD,525.2691,2023-05-08
815,2023-03-18,81,Completed,COD,2222.5181000000002,2023-03-20
816,2023-02-08,2,Cancelled,Net 60,1520.3247999999999,2023-02-10
817,2023-03-10,55,Cancelled,Net 30,2084.9861,2023-03-12
818,2023-05-28,41,In Progress,Net 30,1053.2308999999998,2023-05-30
819,2023-11-07,86,In Progress,Net 60,1176.065,2023-11-09
820,2023-01-23,77,Completed,Net 30,1665.4846,2023-01-25
821,2023-03-25,63,Completed,Net 30,727.5762,2023-03-27
822,2023-11-14,53,In Progress,Net 60,758.7432,2023-11-16
823,2023-06-29,69,Cancelled,Net 30,631.3351,2023-07-01
824,2023-11-29,50,Completed,Net 30,176.1035,2023-12-01
825,2023-11-06,50,Completed,COD,296.84880000000004,2023-11-08
826,2023-12-08,32,In Progress,Net 30,1052.3888,2023-12-10
827,2023-10-19,3,Completed,Net 30,76.1682,2023-10-21
828,2023-12-22,52,Cancelled,COD,1019.5576999999998,2023-12-24
829,2023-04-21,94,In Progress,COD,463.41880000000003,2023-04-23
830,2023-12-09,73,Cancelled,Net 30,1736.1648,2023-12-11
831,2023-10-29,37,Cancelled,Net 30,1136.7758000000001,2023-10-31
832,2023-02-01,37,Cancelled,COD,198.9441,2023-02-03
833,2023-11-14,77,Cancelled,COD,842.6856,2023-11-16
834,2023-10-23,80,In Progress,COD,230.79120000000003,2023-10-25
835,2023-08-08,38,Completed,COD,889.2868,2023-08-10
836,2023-11-09,19,In Progress,COD,302.1696,2023-11-11
837,2023-09-04,4,Cancelled,Net 30,328.9617,2023-09-06
838,2023-04-05,51,Cancelled,Net 30,1970.2199,2023-04-07
839,2023-12-11,32,Cancelled,Net 60,270.3506,2023-12-13
840,2023-08-14,47,In Progress,Net 30,596.7782,2023-08-16
841,2023-05-24,54,Completed,COD,601.3923,2023-05-26
842,2023-01-20,21,Completed,Net 60,740.2264,2023-01-22
843,2023-12-14,73,Cancelled,Net 30,2217.7369,2023-12-16
844,2023-08-27,4,Cancelled,Net 60,1369.7683000000002,2023-08-29
845,2023-10-17,52,In Progress,Net 30,855.4359999999999,2023-10-19
846,2023-06-16,52,Cancelled,Net 30,110.39999999999999,2023-06-18
847,2023-09-14,34,Completed,Net 30,615.2454,2023-09-16
848,2023-01-14,46,Completed,COD,661.9377999999999,2023-01-16
849,2023-12-29,93,Completed,COD,501.9078,2023-12-31
850,2023-05-18,11,Completed,Net 60,507.56319999999994,2023-05-20
851,2023-02-27,68,Cancelled,COD,433.97700000000003,2023-03-01
852,2023-11-07,55,In Progress,Net 30,68.07079999999999,2023-11-09
853,2023-12-13,29,In Progress,Net 60,221.54,2023-12-15
854,2023-05-30,9,In Progress,Net 30,736.4376,2023-06-01
855,2023-12-02,92,Completed,COD,1248.6770000000001,2023-12-04
856,2023-09-26,61,Completed,Net 60,362.0796,2023-09-28
857,2023-07-02,10,Cancelled,Net 30,551.4584,2023-07-04
858,2023-04-16,84,In Progress,COD,758.1265999999999,2023-04-18
859,2023-02-15,32,In Progress,Net 60,1995.7993,2023-02-17
860,2023-01-17,62,Cancelled,Net 30,1841.0969,2023-01-19
861,2023-05-19,9,In Progress,COD,601.044,2023-05-21
862,2023-12-17,27,In Progress,Net 30,41.0432,2023-12-19
863,2023-11-27,36,In Progress,Net 30,296.51599999999996,2023-11-29
864,2023-11-06,56,In Progress,Net 30,1668.1824000000001,2023-11-08
865,2023-11-21,40,Cancelled,Net 60,148.51200000000003,2023-11-23
866,2023-10-03,8,Cancelled,COD,689.7062999999999,2023-10-05
867,2023-12-23,86,Completed,Net 60,222.087,2023-12-25
868,2023-01-12,62,In Progress,Net 30,14.968800000000002,2023-01-14
869,2023-12-30,89,Cancelled,Net 60,1239.5162,2024-01-01
870,2023-07-05,38,Completed,Net 60,533.1659999999999,2023-07-07
871,2023-09-27,80,Completed,Net 60,2285.8268,2023-09-29
872,2023-05-25,12,Completed,Net 30,916.205,2023-05-27
873,2023-03-22,80,Completed,Net 60,492.04110000000003,2023-03-24
874,2023-01-31,31,In Progress,Net 30,599.4882,2023-02-02
875,2023-05-16,18,Cancelled,Net 60,1479.5018,2023-05-18
876,2023-04-08,56,In Progress,Net 30,1807.2158,2023-04-10
877,2023-10-06,64,Cancelled,COD,782.8812,2023-10-08
878,2023-03-03,9,Cancelled,Net 30,1193.0505999999998,2023-03-05
879,2023-06-09,51,In Progress,COD,1154.0906,2023-06-11
880,2023-12-01,21,Completed,Net 60,1187.9239,2023-12-03
881,2023-08-04,6,In Progress,Net 30,1146.5846999999999,2023-08-06
882,2023-08-16,81,Cancelled,COD,461.69339999999994,2023-08-18
883,2023-02-28,26,In Progress,Net 60,894.0552,2023-03-02
884,2023-01-01,98,Completed,Net 60,936.2402000000001,2023-01-03
885,2023-02-05,28,Cancelled,Net 30,1346.1936,2023-02-07
886,2023-06-02,40,Cancelled,COD,518.449,2023-06-04
887,2023-12-17,94,In Progress,COD,1182.7426,2023-12-19
888,2023-11-21,7,In Progress,Net 30,520.6032,2023-11-23
889,2023-11-04,39,Cancelled,Net 30,474.6417,2023-11-06
890,2023-12-06,17,Completed,Net 60,1501.1829,2023-12-08
891,2023-07-28,75,Completed,Net 30,1073.0184,2023-07-30
892,2023-06-03,54,Cancelled,COD,1026.2687,2023-06-05
893,2023-09-27,5,Cancelled,Net 30,814.0792,2023-09-29
894,2023-02-23,91,Completed,COD,412.70219999999995,2023-02-25
895,2023-04-05,27,Completed,COD,825.1547999999999,2023-04-07
896,2023-09-20,49,Cancelled,Net 30,725.4635999999999,2023-09-22
897,2023-10-21,27,Completed,COD,651.1352,2023-10-23
898,2023-05-10,95,Completed,COD,1096.1296,2023-05-12
899,2023-12-13,74,Completed,Net 60,327.6092,2023-12-15
900,2023-12-07,44,In Progress,Net 30,1049.7069999999999,2023-12-09
901,2023-01-09,17,Cancelled,Net 30,314.5032,2023-01-11
902,2023-07-22,73,Completed,Net 30,1820.0872000000002,2023-07-24
903,2023-05-31,19,In Progress,COD,1531.9015000000002,2023-06-02
904,2023-09-05,10,In Progress,Net 30,961.7577000000001,2023-09-07
905,2023-11-20,3,In Progress,COD,1656.7768,2023-11-22
906,2023-04-07,84,Cancelled,Net 60,1010.0654,2023-04-09
907,2023-04-27,34,Cancelled,Net 60,1138.8952,2023-04-29
908,2023-08-13,82,Cancelled,Net 60,481.698,2023-08-15
909,2023-08-20,45,In Progress,Net 60,701.3241,2023-08-22
910,2023-08-22,73,In Progress,Net 30,1692.2158,2023-08-24
911,2023-04-04,35,Completed,COD,926.4670000000001,2023-04-06
912,2023-01-10,79,Completed,Net 30,47.1086,2023-01-12
913,2023-10-29,34,In Progress,Net 60,1027.1464,2023-10-31
914,2023-10-05,66,Cancelled,COD,528.3694,2023-10-07
915,2023-08-17,42,In Progress,Net 30,1147.7797999999998,2023-08-19
916,2023-08-29,33,Completed,COD,1057.7854,2023-08-31
917,2023-05-11,74,Cancelled,Net 60,1323.0793,2023-05-13
918,2023-10-16,39,In Progress,COD,1009.8657999999999,2023-10-18
919,2023-03-22,59,In Progress,Net 30,765.1062000000001,2023-03-24
920,2023-09-12,3,Completed,Net 60,288.9645,2023-09-14
921,2023-04-16,80,Cancelled,COD,1107.1894000000002,2023-04-18
922,2023-06-09,20,Cancelled,Net 30,1426.8525,2023-06-11
923,2023-10-12,38,Cancelled,Net 60,1050.7712000000001,2023-10-14
924,2023-12-06,100,Cancelled,COD,1356.7273000000002,2023-12-08
925,2023-04-11,91,Completed,Net 30,820.3272,2023-04-13
926,2023-07-24,38,Completed,Net 60,319.528,2023-07-26
927,2023-12-22,59,Completed,COD,1155.5235,2023-12-24
928,2023-09-12,96,Cancelled,Net 30,23.768800000000002,2023-09-14
929,2023-04-16,9,Completed,COD,209.1456,2023-04-18
930,2023-05-11,94,Cancelled,Net 60,274.498,2023-05-13
931,2023-01-13,73,Cancelled,COD,1296.5116999999998,2023-01-15
932,2023-09-01,12,Completed,Net 60,338.10200000000003,2023-09-03
933,2023-10-05,46,Completed,Net 30,1252.0620000000001,2023-10-07
934,2023-03-03,1,Cancelled,COD,530.4416,2023-03-05
935,2023-10-03,47,Completed,Net 60,1672.6508,2023-10-05
936,2023-09-30,85,In Progress,Net 60,242.53139999999996,2023-10-02
937,2023-02-23,21,Completed,COD,2063.9163,2023-02-25
938,2023-10-10,81,Completed,Net 60,1561.7402,2023-10-12
939,2023-07-29,73,Cancelled,Net 60,1480.4396,2023-07-31
940,2023-04-14,84,Cancelled,Net 60,992.7557,2023-04-16
941,2023-07-10,85,Cancelled,COD,2099.3121,2023-07-12
942,2023-07-13,18,In Progress,Net 30,1018.7731999999999,2023-07-15
943,2023-09-15,48,Cancelled,Net 60,610.1925,2023-09-17
944,2023-11-29,85,In Progress,Net 30,433.8655,2023-12-01
945,2023-04-19,84,Cancelled,Net 60,752.5116,2023-04-21
946,2023-02-17,93,Completed,Net 60,636.9768,2023-02-19
947,2023-10-11,6,Cancelled,COD,630.519,2023-10-13
948,2023-03-22,11,In Progress,COD,303.9686,2023-03-24
949,2023-07-12,83,Cancelled,Net 30,431.89160000000004,2023-07-14
950,2023-06-08,94,In Progress,Net 60,41.8167,2023-06-10
951,2023-12-16,8,Completed,Net 30,14.798700000000002,2023-12-18
952,2023-01-30,41,Cancelled,Net 60,1358.5322,2023-02-01
953,2023-08-24,12,Completed,Net 60,1503.1307000000002,2023-08-26
954,2023-05-15,24,In Progress,COD,708.8114,2023-05-17
955,2023-03-17,82,Completed,Net 60,49.822199999999995,2023-03-19
956,2023-01-31,39,Cancelled,Net 60,848.2027999999999,2023-02-02
957,2023-03-25,51,Completed,Net 60,1252.2486,2023-03-27
958,2023-09-11,7,In Progress,Net 60,1704.6251,2023-09-13
959,2023-02-22,89,Completed,COD,605.855,2023-02-24
960,2023-03-13,54,Completed,Net 30,898.9909999999999,2023-03-15
961,2023-05-27,9,Completed,Net 60,1630.9779,2023-05-29
962,2023-11-23,38,Completed,Net 30,1029.0316,2023-11-25
963,2023-11-14,82,Completed,COD,596.4461,2023-11-16
964,2023-09-25,31,Cancelled,Net 30,799.9736,2023-09-27
965,2023-08-17,23,In Progress,COD,1491.24,2023-08-19
966,2023-03-20,9,In Progress,COD,625.3614,2023-03-22
967,2023-07-21,71,Cancelled,COD,1852.9045999999998,2023-07-23
968,2023-03-31,3,In Progress,COD,1469.6201999999998,2023-04-02
969,2023-10-14,18,In Progress,COD,1712.1759,2023-10-16
970,2023-11-04,76,Cancelled,Net 30,1554.2924,2023-11-06
971,2023-01-10,81,Completed,COD,1592.3616,2023-01-12
972,2023-03-25,75,Cancelled,Net 30,411.178,2023-03-27
973,2023-07-18,99,Cancelled,COD,1810.348,2023-07-20
974,2023-09-01,25,In Progress,COD,502.7306,2023-09-03
975,2023-03-12,41,Cancelled,COD,418.86429999999996,2023-03-14
976,2023-10-04,90,Cancelled,Net 60,863.6204,2023-10-06
977,2023-12-13,47,Cancelled,Net 60,1871.7343999999998,2023-12-15
978,2023-02-03,59,Completed,COD,321.1848,2023-02-05
979,2023-08-29,35,Cancelled,Net 60,830.0656,2023-08-31
980,2023-12-06,67,Cancelled,Net 60,62.4532,2023-12-08
981,2023-12-15,20,Completed,COD,748.4076,2023-12-17
982,2023-05-15,90,Cancelled,COD,1339.9627,2023-05-17
983,2023-05-12,30,In Progress,COD,1116.7138,2023-05-14
984,2023-04-02,22,In Progress,COD,563.9998,2023-04-04
985,2023-08-04,9,In Progress,Net 60,470.7752000000001,2023-08-06
986,2023-05-27,36,Completed,Net 60,698.3915999999999,2023-05-29
987,2023-09-02,98,Completed,COD,1157.54,2023-09-04
988,2023-03-21,7,Completed,COD,435.57150000000007,2023-03-23
989,2023-03-09,3,Completed,Net 60,714.1378,2023-03-11
990,2023-09-02,21,Cancelled,Net 30,1264.6832,2023-09-04
991,2023-10-04,48,In Progress,Net 30,580.4096000000001,2023-10-06
992,2023-04-20,54,Completed,Net 30,1555.1043,2023-04-22
993,2023-03-04,31,In Progress,COD,1075.7078,2023-03-06
994,2023-01-19,6,Cancelled,COD,1891.0884,2023-01-21
995,2023-10-24,69,Cancelled,COD,822.4608000000001,2023-10-26
996,2023-11-08,98,Cancelled,COD,702.5146,2023-11-10
997,2023-05-28,4,Cancelled,COD,1700.6353000000001,2023-05-30
998,2023-11-15,42,Completed,Net 30,967.6302000000001,2023-11-17
999,2023-11-05,46,Completed,Net 60,716.5104,2023-11-07
1000,2023-10-18,29,Completed,COD,516.3396,2023-10-20
